Date,Open,High,Low,Close,Adj Close,Volume
2018-12-31,4400.0,4400.0,4400.0,4400.0,3436.9013670000004,0
2019-01-01,4400.0,4400.0,4400.0,4400.0,3436.9013670000004,0
2019-01-02,4400.0,4400.0,4337.5,4362.5,3407.609375,15681200
2019-01-03,4337.5,4387.5,4325.0,4362.5,3407.609375,21416600
2019-01-04,4362.5,4400.0,4337.5,4362.5,3407.609375,41078600
2019-01-07,4412.5,4462.5,4412.5,4437.5,3466.192871,48108200
2019-01-08,4437.5,4475.0,4400.0,4450.0,3475.9567869999996,45945800
2019-01-09,4475.0,4475.0,4412.5,4425.0,3456.428955,50484000
2019-01-10,4462.5,4462.5,4400.0,4425.0,3456.428955,44421400
2019-01-11,4475.0,4487.5,4450.0,4462.5,3485.720703,47217000
2019-01-14,4487.5,4487.5,4425.0,4437.5,3466.192871,26702800
2019-01-15,4437.5,4550.0,4425.0,4500.0,3515.012939,49947400
2019-01-16,4525.0,4625.0,4500.0,4625.0,3612.651611,58089800
2019-01-17,4612.5,4662.5,4575.0,4625.0,3612.651611,47773600
2019-01-18,4650.0,4700.0,4600.0,4700.0,3671.235352,39366000
2019-01-21,4600.0,4687.5,4600.0,4612.5,3602.8881840000004,33397400
2019-01-22,4612.5,4625.0,4587.5,4625.0,3612.651611,42127800
2019-01-23,4587.5,4612.5,4512.5,4525.0,3534.540283,51746000
2019-01-24,4525.0,4537.5,4487.5,4500.0,3515.012939,88315800
2019-01-25,4512.5,4562.5,4500.0,4550.0,3554.068115,51100800
2019-01-28,4550.0,4562.5,4525.0,4550.0,3554.068115,42198000
2019-01-29,4525.0,4550.0,4462.5,4512.5,3524.7763670000004,38083600
2019-01-30,4450.0,4500.0,4450.0,4500.0,3515.012939,40402400
2019-01-31,4500.0,4587.5,4500.0,4537.5,3544.304443,72412200
2019-02-01,4550.0,4662.5,4537.5,4625.0,3612.651611,83559800
2019-02-04,4625.0,4637.5,4550.0,4562.5,3563.832275,45077600
2019-02-05,4562.5,4562.5,4562.5,4562.5,3563.832275,0
2019-02-06,4562.5,4612.5,4550.0,4550.0,3554.068115,39366200
2019-02-07,4550.0,4550.0,4512.5,4537.5,3544.304443,11857200
2019-02-08,4475.0,4525.0,4462.5,4487.5,3505.248779,25850600
2019-02-11,4475.0,4525.0,4450.0,4525.0,3534.540283,29542600
2019-02-12,4525.0,4537.5,4450.0,4450.0,3475.9567869999996,25694400
2019-02-13,4425.0,4450.0,4325.0,4325.0,3378.3176270000004,57993000
2019-02-14,4325.0,4437.5,4325.0,4387.5,3427.1369630000004,34647200
2019-02-15,4387.5,4387.5,4350.0,4387.5,3427.1369630000004,25669400
2019-02-18,4400.0,4525.0,4400.0,4487.5,3505.248779,32794600
2019-02-19,4487.5,4512.5,4412.5,4437.5,3466.192871,17644000
2019-02-20,4450.0,4450.0,4350.0,4412.5,3446.665039,30538000
2019-02-21,4450.0,4475.0,4387.5,4462.5,3485.720703,26466400
2019-02-22,4450.0,4450.0,4325.0,4362.5,3407.609375,59643400
2019-02-25,4387.5,4425.0,4362.5,4400.0,3436.9013670000004,31297800
2019-02-26,4400.0,4437.5,4350.0,4425.0,3456.428955,32625400
2019-02-27,4375.0,4462.5,4362.5,4425.0,3456.428955,19073600
2019-02-28,4462.5,4462.5,4362.5,4400.0,3436.9013670000004,33411200
2019-03-01,4412.5,4487.5,4400.0,4487.5,3505.248779,26656800
2019-03-04,4450.0,4500.0,4437.5,4475.0,3495.484619,28548200
2019-03-05,4462.5,4462.5,4362.5,4400.0,3436.9013670000004,28743600
2019-03-06,4375.0,4437.5,4375.0,4400.0,3436.9013670000004,23339600
2019-03-07,4400.0,4400.0,4400.0,4400.0,3436.9013670000004,0
2019-03-08,4375.0,4387.5,4337.5,4337.5,3388.081543,37957000
2019-03-11,4400.0,4400.0,4337.5,4337.5,3388.081543,14711800
2019-03-12,4325.0,4362.5,4300.0,4337.5,3388.081543,20181600
2019-03-13,4287.5,4337.5,4262.5,4300.0,3358.789551,32738800
2019-03-14,4362.5,4412.5,4337.5,4412.5,3446.665039,13382000
2019-03-15,4462.5,4562.5,4450.0,4537.5,3544.304443,34814400
2019-03-18,4550.0,4675.0,4537.5,4675.0,3651.707764,38275600
2019-03-19,4662.5,4725.0,4650.0,4675.0,3651.707764,39436000
2019-03-20,4687.5,4687.5,4625.0,4650.0,3632.179688,23188800
2019-03-21,4725.0,4775.0,4712.5,4762.5,3720.054688,38604000
2019-03-22,4775.0,4825.0,4762.5,4800.0,3749.3466799999997,33572000
2019-03-25,4650.0,4725.0,4575.0,4600.0,3593.123779,26670200
2019-03-26,4687.5,4700.0,4662.5,4687.5,3661.4711909999996,6754600
2019-03-27,4575.0,4687.5,4575.0,4675.0,3651.707764,7113800
2019-03-28,4712.5,4725.0,4675.0,4712.5,3680.999268,22824600
2019-03-29,4687.5,4725.0,4687.5,4700.0,3671.235352,19813600
2019-04-01,4712.5,4750.0,4712.5,4725.0,3690.7631840000004,9954200
2019-04-02,4750.0,4762.5,4700.0,4737.5,3700.5268549999996,22445400
2019-04-03,4737.5,4737.5,4737.5,4737.5,3700.5268549999996,0
2019-04-04,4762.5,4862.5,4762.5,4850.0,3788.4021,48871200
2019-04-05,4875.0,4925.0,4825.0,4862.5,3798.16626,11966400
2019-04-08,4800.0,4825.0,4712.5,4737.5,3700.5268549999996,17860200
2019-04-09,4825.0,4850.0,4775.0,4837.5,3778.6389159999994,14496600
2019-04-10,4837.5,4875.0,4800.0,4850.0,3788.4021,17295200
2019-04-11,4900.0,4900.0,4750.0,4812.5,3759.110596,31259200
2019-04-12,4775.0,4837.5,4750.0,4837.5,3778.6389159999994,19171400
2019-04-15,4825.0,4850.0,4812.5,4825.0,3768.874512,22821200
2019-04-16,4825.0,4875.0,4825.0,4850.0,3788.4021,43281000
2019-04-17,4850.0,4850.0,4850.0,4850.0,3788.4021,0
2019-04-18,4962.5,5125.0,4875.0,4925.0,3846.9860840000006,90501000
2019-04-19,4925.0,4925.0,4925.0,4925.0,3846.9860840000006,0
2019-04-22,4912.5,4912.5,4812.5,4837.5,3778.6389159999994,38719000
2019-04-23,4800.0,4912.5,4800.0,4900.0,3827.4580079999996,25165200
2019-04-24,4950.0,4962.5,4887.5,4900.0,3827.4580079999996,22612800
2019-04-25,4850.0,4862.5,4775.0,4800.0,3749.3466799999997,61278200
2019-04-26,4812.5,4825.0,4750.0,4825.0,3768.874512,62720800
2019-04-29,4862.5,4862.5,4775.0,4812.5,3759.110596,26364400
2019-04-30,4812.5,4850.0,4762.5,4800.0,3749.3466799999997,46762800
2019-05-01,4800.0,4800.0,4800.0,4800.0,3749.3466799999997,0
2019-05-02,4762.5,4787.5,4650.0,4712.5,3680.999268,60074200
2019-05-03,4700.0,4700.0,4587.5,4625.0,3612.651611,59192200
2019-05-06,4550.0,4562.5,4375.0,4437.5,3466.192871,55552200
2019-05-07,4437.5,4525.0,4375.0,4475.0,3495.484619,61910000
2019-05-08,4387.5,4425.0,4350.0,4375.0,3417.3732909999994,41682400
2019-05-09,4300.0,4337.5,4275.0,4287.5,3349.026123,69829800
2019-05-10,4325.0,4412.5,4287.5,4300.0,3358.789551,45151200
2019-05-13,4300.0,4337.5,4250.0,4250.0,3319.7341309999997,20710000
2019-05-14,4225.0,4275.0,4125.0,4225.0,3300.206055,68445400
2019-05-15,4237.5,4237.5,4062.5,4112.5,3212.331055,90706000
2019-05-16,4100.0,4175.0,4037.5,4087.5,3192.803223,36448400
2019-05-17,4237.5,4237.5,4025.0,4050.0,3163.51123,61447200
2019-05-20,4050.0,4225.0,3912.5,4212.5,3290.441895,43655000
2019-05-21,4225.0,4300.0,4187.5,4300.0,3358.789551,78310800
2019-05-22,4150.0,4237.5,4137.5,4150.0,3400.820557,40857000
2019-05-23,4137.5,4300.0,4137.5,4250.0,3482.767822,43215600
2019-05-24,4237.5,4400.0,4237.5,4325.0,3544.228271,48374800
2019-05-27,4325.0,4412.5,4325.0,4350.0,3564.7150880000004,32246800
2019-05-28,4325.0,4325.0,4050.0,4075.0,3339.359375,222512000
2019-05-29,4075.0,4112.5,4012.5,4075.0,3339.359375,78292800
2019-05-30,4075.0,4075.0,4075.0,4075.0,3339.359375,0
2019-05-31,4100.0,4212.5,4100.0,4200.0,3441.794189,89160800
2019-06-03,4200.0,4200.0,4200.0,4200.0,3441.794189,0
2019-06-04,4200.0,4200.0,4200.0,4200.0,3441.794189,0
2019-06-05,4200.0,4200.0,4200.0,4200.0,3441.794189,0
2019-06-06,4200.0,4200.0,4200.0,4200.0,3441.794189,0
2019-06-07,4200.0,4200.0,4200.0,4200.0,3441.794189,0
2019-06-10,4287.5,4362.5,4275.0,4337.5,3554.4716799999997,101675200
2019-06-11,4300.0,4337.5,4237.5,4287.5,3513.4982909999994,44879800
2019-06-12,4275.0,4325.0,4262.5,4300.0,3523.741211,39229000
2019-06-13,4300.0,4337.5,4262.5,4325.0,3544.228271,54401400
2019-06-14,4300.0,4325.0,4225.0,4250.0,3482.767822,40394600
2019-06-17,4250.0,4262.5,4212.5,4225.0,3462.280762,21955800
2019-06-18,4250.0,4375.0,4225.0,4362.5,3574.95874,62706200
2019-06-19,4412.5,4512.5,4412.5,4450.0,3646.662598,79746600
2019-06-20,4500.0,4500.0,4362.5,4400.0,3605.6892090000006,54402200
2019-06-21,4437.5,4450.0,4400.0,4425.0,3626.1757810000004,51525600
2019-06-24,4450.0,4487.5,4400.0,4437.5,3636.419189,32097800
2019-06-25,4475.0,4487.5,4450.0,4462.5,3656.906006,18337600
2019-06-26,4462.5,4475.0,4425.0,4425.0,3626.1757810000004,28871200
2019-06-27,4475.0,4475.0,4437.5,4450.0,3646.662598,18194800
2019-06-28,4462.5,4612.5,4450.0,4600.0,3769.58374,81840600
2019-07-01,4650.0,4725.0,4650.0,4687.5,3841.287598,56506600
2019-07-02,4675.0,4687.5,4637.5,4675.0,3831.044922,33067800
2019-07-03,4675.0,4675.0,4625.0,4662.5,3820.8012700000004,34549000
2019-07-04,4662.5,4700.0,4650.0,4687.5,3841.287598,24270400
2019-07-05,4637.5,4662.5,4550.0,4600.0,3769.58374,40019800
2019-07-08,4537.5,4587.5,4475.0,4487.5,3677.3930659999996,39037200
2019-07-09,4487.5,4587.5,4487.5,4575.0,3749.0969240000004,21892000
2019-07-10,4562.5,4625.0,4562.5,4575.0,3749.0969240000004,34132000
2019-07-11,4600.0,4637.5,4575.0,4625.0,3790.070557,27475200
2019-07-12,4600.0,4625.0,4575.0,4600.0,3769.58374,27073600
2019-07-15,4625.0,4662.5,4587.5,4587.5,3759.3405759999996,39008200
2019-07-16,4587.5,4600.0,4525.0,4537.5,3718.366943,34469200
2019-07-17,4487.5,4537.5,4487.5,4525.0,3708.1232909999994,21264800
2019-07-18,4525.0,4537.5,4425.0,4437.5,3636.419189,39663600
2019-07-19,4437.5,4487.5,4425.0,4450.0,3646.662598,29465600
2019-07-22,4437.5,4475.0,4387.5,4425.0,3626.1757810000004,29243600
2019-07-23,4450.0,4462.5,4312.5,4312.5,3533.984863,82475600
2019-07-24,4275.0,4287.5,4212.5,4212.5,3452.0371090000003,86821600
2019-07-25,4212.5,4262.5,4212.5,4250.0,3482.767822,64678600
2019-07-26,4225.0,4237.5,4200.0,4212.5,3452.0371090000003,39358000
2019-07-29,4200.0,4225.0,4150.0,4175.0,3421.307129,40294600
2019-07-30,4150.0,4187.5,4112.5,4175.0,3421.307129,54556800
2019-07-31,4200.0,4250.0,4137.5,4237.5,3472.52417,43706400
2019-08-01,4225.0,4225.0,4125.0,4125.0,3380.333496,64720000
2019-08-02,4087.5,4087.5,4012.5,4050.0,3318.872803,78779000
2019-08-05,4012.5,4025.0,3950.0,3962.5,3247.168701,61291400
2019-08-06,3900.0,3975.0,3775.0,3912.5,3206.1948239999997,69999200
2019-08-07,3950.0,4000.0,3912.5,3937.5,3226.681885,56503000
2019-08-08,3950.0,4075.0,3937.5,4062.5,3329.116455,52673200
2019-08-09,4075.0,4087.5,3962.5,3962.5,3247.168701,41206600
2019-08-12,3975.0,4000.0,3900.0,3962.5,3247.168701,26290000
2019-08-13,3937.5,3950.0,3912.5,3950.0,3236.925293,36218200
2019-08-14,4000.0,4062.5,3975.0,4050.0,3318.872803,53094000
2019-08-15,3950.0,4012.5,3925.0,4012.5,3288.142334,34110000
2019-08-16,4012.5,4050.0,3950.0,3962.5,3247.168701,25707800
2019-08-19,4000.0,4012.5,3912.5,3937.5,3226.681885,21047400
2019-08-20,3962.5,3962.5,3862.5,3875.0,3175.464844,34351800
2019-08-21,3850.0,3887.5,3787.5,3787.5,3103.7607420000004,36213000
2019-08-22,3812.5,3862.5,3737.5,3800.0,3114.003906,62568600
2019-08-23,3800.0,3825.0,3725.0,3812.5,3124.247559,35492200
2019-08-26,3737.5,3762.5,3687.5,3750.0,3073.030518,30273800
2019-08-27,3725.0,3812.5,3725.0,3787.5,3103.7607420000004,46766400
2019-08-28,3800.0,3812.5,3762.5,3800.0,3114.003906,29902600
2019-08-29,3812.5,3812.5,3750.0,3762.5,3083.273682,42715800
2019-08-30,3787.5,3850.0,3787.5,3850.0,3154.977783,36471000
2019-09-02,3837.5,3862.5,3812.5,3812.5,3124.247559,20164000
2019-09-03,3825.0,3837.5,3662.5,3725.0,3052.543701,34817800
2019-09-04,3750.0,3750.0,3662.5,3712.5,3042.300049,49092600
2019-09-05,3750.0,3787.5,3725.0,3762.5,3083.273682,31491600
2019-09-06,3800.0,3825.0,3775.0,3800.0,3114.003906,37695400
2019-09-09,3800.0,3812.5,3750.0,3775.0,3093.517334,25346600
2019-09-10,3775.0,3887.5,3775.0,3875.0,3175.464844,39409600
2019-09-11,3875.0,4000.0,3875.0,4000.0,3277.89917,59184000
2019-09-12,4050.0,4062.5,3925.0,3937.5,3226.681885,48065600
2019-09-13,3975.0,3987.5,3912.5,3925.0,3216.438477,17730000
2019-09-16,3875.0,3900.0,3787.5,3837.5,3144.7346190000003,35483200
2019-09-17,3787.5,3887.5,3787.5,3875.0,3175.464844,28974800
2019-09-18,3900.0,3950.0,3887.5,3950.0,3236.925293,24518400
2019-09-19,3975.0,3975.0,3887.5,3887.5,3185.7080079999996,25170600
2019-09-20,3862.5,3887.5,3812.5,3825.0,3134.490723,53056600
2019-09-23,3800.0,3825.0,3762.5,3787.5,3103.7607420000004,34235800
2019-09-24,3787.5,3787.5,3700.0,3725.0,3052.543701,38873600
2019-09-25,3700.0,3762.5,3675.0,3737.5,3062.786865,26900200
2019-09-26,3762.5,3825.0,3750.0,3775.0,3093.517334,30615000
2019-09-27,3762.5,3775.0,3712.5,3712.5,3042.300049,30928400
2019-09-30,3687.5,3700.0,3575.0,3675.0,3011.56958,80081800
2019-10-01,3662.5,3700.0,3625.0,3637.5,2980.839355,32188800
2019-10-02,3612.5,3650.0,3450.0,3462.5,2837.431396,73132000
2019-10-03,3425.0,3500.0,3400.0,3450.0,2827.1879879999997,42558800
2019-10-04,3450.0,3500.0,3425.0,3437.5,2816.94458,26569200
2019-10-07,3462.5,3475.0,3325.0,3337.5,2734.996826,43606000
2019-10-08,3375.0,3412.5,3350.0,3412.5,2796.457764,41912800
2019-10-09,3400.0,3400.0,3362.5,3375.0,2765.727295,25237400
2019-10-10,3375.0,3425.0,3362.5,3375.0,2765.727295,23288400
2019-10-11,3400.0,3500.0,3400.0,3487.5,2857.918213,33226000
2019-10-14,3537.5,3537.5,3450.0,3462.5,2837.431396,51132400
2019-10-15,3475.0,3600.0,3412.5,3575.0,2929.62207,68801400
2019-10-16,3600.0,3625.0,3525.0,3625.0,2970.596191,65482600
2019-10-17,3625.0,3700.0,3612.5,3687.5,3021.813232,61564000
2019-10-18,3675.0,3750.0,3675.0,3737.5,3062.786865,38171800
2019-10-21,3737.5,3750.0,3662.5,3687.5,3021.813232,37392000
2019-10-22,3712.5,3737.5,3600.0,3662.5,3001.326416,44307200
2019-10-23,3650.0,3775.0,3612.5,3775.0,3093.517334,65670400
2019-10-24,3800.0,4037.5,3800.0,3950.0,3236.925293,149978000
2019-10-25,3962.5,3987.5,3862.5,3912.5,3206.1948239999997,58625000
2019-10-28,3925.0,3937.5,3862.5,3887.5,3185.7080079999996,21229200
2019-10-29,3887.5,3912.5,3825.0,3862.5,3165.221191,48916600
2019-10-30,3875.0,3925.0,3812.5,3875.0,3175.464844,46691200
2019-10-31,3850.0,3887.5,3800.0,3837.5,3144.7346190000003,28738000
2019-11-01,3862.5,3862.5,3812.5,3837.5,3144.7346190000003,19296200
2019-11-04,3837.5,3875.0,3812.5,3812.5,3124.247559,33528400
2019-11-05,3800.0,3900.0,3787.5,3862.5,3165.221191,101298400
2019-11-06,3887.5,3887.5,3725.0,3750.0,3073.030518,73559600
2019-11-07,3750.0,3800.0,3637.5,3800.0,3114.003906,47956400
2019-11-08,3825.0,3850.0,3750.0,3837.5,3144.7346190000003,34375400
2019-11-11,3800.0,3825.0,3750.0,3775.0,3093.517334,29695800
2019-11-12,3750.0,3800.0,3725.0,3800.0,3114.003906,43277200
2019-11-13,3800.0,3800.0,3675.0,3675.0,3011.56958,47613000
2019-11-14,3687.5,3712.5,3587.5,3650.0,2991.082764,59175600
2019-11-15,3675.0,3775.0,3650.0,3725.0,3052.543701,34211400
2019-11-18,3737.5,3762.5,3675.0,3712.5,3042.300049,41639200
2019-11-19,3737.5,3800.0,3687.5,3800.0,3114.003906,42106200
2019-11-20,3800.0,3837.5,3750.0,3825.0,3134.490723,48311000
2019-11-21,3812.5,3862.5,3762.5,3850.0,3154.977783,42079800
2019-11-22,3850.0,3850.0,3812.5,3825.0,3134.490723,21247000
2019-11-25,3812.5,3825.0,3737.5,3750.0,3073.030518,25178600
2019-11-26,3762.5,3787.5,3712.5,3750.0,3073.030518,73842800
2019-11-27,3725.0,3787.5,3712.5,3737.5,3062.786865,24769800
2019-11-28,3737.5,3787.5,3675.0,3700.0,3032.056396,21981000
2019-11-29,3700.0,3762.5,3662.5,3750.0,3073.030518,20343400
2019-12-02,3725.0,3850.0,3725.0,3775.0,3093.517334,64660200
2019-12-03,3762.5,3825.0,3737.5,3775.0,3093.517334,41645000
2019-12-04,3750.0,3775.0,3712.5,3712.5,3042.300049,42196800
2019-12-05,3725.0,3762.5,3712.5,3725.0,3052.543701,53985800
2019-12-06,3750.0,3812.5,3737.5,3787.5,3103.7607420000004,29544800
2019-12-09,3812.5,3825.0,3762.5,3787.5,3103.7607420000004,36970600
2019-12-10,3787.5,3825.0,3762.5,3800.0,3114.003906,38381200
2019-12-11,3825.0,3825.0,3762.5,3762.5,3083.273682,31571800
2019-12-12,3775.0,3837.5,3762.5,3762.5,3083.273682,50870000
2019-12-13,3812.5,3850.0,3787.5,3825.0,3134.490723,48904000
2019-12-16,3825.0,3875.0,3800.0,3850.0,3154.977783,59955600
2019-12-17,3850.0,3862.5,3825.0,3850.0,3154.977783,45188200
2019-12-18,3850.0,3925.0,3825.0,3912.5,3206.1948239999997,84394000
2019-12-19,3912.5,3925.0,3875.0,3912.5,3206.1948239999997,38600800
2019-12-20,3912.5,3912.5,3875.0,3900.0,3195.95166,37723600
2019-12-23,3925.0,3962.5,3900.0,3962.5,3247.168701,45834400
2019-12-26,3975.0,4000.0,3962.5,3975.0,3257.412109,35309200
2019-12-27,3975.0,3987.5,3925.0,3962.5,3247.168701,19371400
2019-12-30,3975.0,3987.5,3900.0,3925.0,3216.438477,35604600
2020-01-02,3937.5,3937.5,3887.5,3887.5,3185.7080079999996,18602600
2020-01-03,3900.0,3937.5,3825.0,3900.0,3195.95166,32251400
2020-01-06,3875.0,3875.0,3800.0,3812.5,3124.247559,26249200
2020-01-07,3837.5,3850.0,3762.5,3775.0,3093.517334,38049800
2020-01-08,3750.0,3762.5,3700.0,3712.5,3042.300049,40926800
2020-01-09,3750.0,3850.0,3750.0,3850.0,3154.977783,43770600
2020-01-10,3850.0,3912.5,3837.5,3862.5,3165.221191,41985000
2020-01-13,3875.0,3900.0,3850.0,3887.5,3185.7080079999996,24716600
2020-01-14,3912.5,3925.0,3862.5,3925.0,3216.438477,40286800
2020-01-15,3900.0,3937.5,3825.0,3837.5,3144.7346190000003,35369800
2020-01-16,3837.5,3887.5,3812.5,3850.0,3154.977783,38027400
2020-01-17,3850.0,3887.5,3837.5,3887.5,3185.7080079999996,33630000
2020-01-20,3862.5,3900.0,3762.5,3775.0,3093.517334,35184600
2020-01-21,3787.5,3825.0,3750.0,3787.5,3103.7607420000004,32903600
2020-01-22,3812.5,3850.0,3787.5,3812.5,3124.247559,44490400
2020-01-23,3812.5,3862.5,3775.0,3825.0,3134.490723,44155400
2020-01-24,3800.0,3887.5,3800.0,3850.0,3154.977783,35702000
2020-01-27,3850.0,3850.0,3725.0,3725.0,3052.543701,28379600
2020-01-28,3700.0,3737.5,3650.0,3737.5,3062.786865,42985000
2020-01-29,3737.5,3762.5,3675.0,3675.0,3011.56958,33503800
2020-01-30,3675.0,3712.5,3625.0,3625.0,2970.596191,26904000
2020-01-31,3650.0,3650.0,3550.0,3600.0,2950.109375,54195000
2020-02-03,3550.0,3650.0,3537.5,3562.5,2919.378906,40300400
2020-02-04,3612.5,3687.5,3587.5,3675.0,3011.56958,39320000
2020-02-05,3675.0,3712.5,3625.0,3712.5,3042.300049,32161400
2020-02-06,3750.0,3762.5,3675.0,3675.0,3011.56958,33597000
2020-02-07,3700.0,3700.0,3675.0,3675.0,3011.56958,39234200
2020-02-10,3662.5,3662.5,3612.5,3662.5,3001.326416,24158600
2020-02-11,3650.0,3687.5,3637.5,3650.0,2991.082764,17313800
2020-02-12,3650.0,3687.5,3637.5,3637.5,2980.839355,22518200
2020-02-13,3637.5,3712.5,3637.5,3700.0,3032.056396,41031400
2020-02-14,3687.5,3800.0,3662.5,3762.5,3083.273682,51465800
2020-02-17,3800.0,3825.0,3762.5,3812.5,3124.247559,28980000
2020-02-18,3825.0,3875.0,3800.0,3850.0,3154.977783,46645800
2020-02-19,3837.5,3912.5,3812.5,3887.5,3185.7080079999996,51704600
2020-02-20,3900.0,3975.0,3900.0,3962.5,3247.168701,71856200
2020-02-21,3937.5,3937.5,3862.5,3887.5,3185.7080079999996,94446000
2020-02-24,3800.0,3850.0,3737.5,3787.5,3103.7607420000004,59512800
2020-02-25,3750.0,3812.5,3737.5,3750.0,3073.030518,33976200
2020-02-26,3700.0,3712.5,3650.0,3650.0,2991.082764,72455400
2020-02-27,3625.0,3650.0,3462.5,3537.5,2898.89209,59326400
2020-02-28,3400.0,3512.5,3337.5,3512.5,2878.405029,104295000
2020-03-02,3475.0,3487.5,3275.0,3375.0,2938.2504879999997,82760000
2020-03-03,3425.0,3475.0,3350.0,3400.0,2960.0151370000003,83411600
2020-03-04,3400.0,3500.0,3362.5,3475.0,3025.309814,77696400
2020-03-05,3500.0,3525.0,3375.0,3412.5,2970.897705,78261200
2020-03-06,3350.0,3350.0,3200.0,3200.0,2785.896973,85722600
2020-03-09,3012.5,3062.5,2800.0,2825.0,2459.424316,136122600
2020-03-10,2850.0,2962.5,2800.0,2837.5,2470.306885,164540600
2020-03-11,2837.5,2862.5,2637.5,2762.5,2405.012451,106587600
2020-03-12,2600.0,2687.5,2500.0,2512.5,2187.3642579999996,135371800
2020-03-13,2512.5,2512.5,2512.5,2512.5,2187.3642579999996,0
2020-03-16,2550.0,2625.0,2420.0,2420.0,2106.834473,98330000
2020-03-17,2415.0,2420.0,2255.0,2255.0,1963.186523,137142000
2020-03-18,2295.0,2295.0,2100.0,2100.0,1828.2447510000002,144534400
2020-03-19,1960.0,1975.0,1955.0,1955.0,1702.008789,21906200
2020-03-20,1900.0,1900.0,1820.0,1820.0,1584.478882,351439200
2020-03-23,1765.0,1765.0,1695.0,1695.0,1475.654785,21148600
2020-03-24,1655.0,1715.0,1580.0,1580.0,1375.536499,264178600
2020-03-26,1580.0,1845.0,1485.0,1795.0,1562.713867,381513800
2020-03-27,1835.0,2120.0,1825.0,1995.0,1736.83252,329983600
2020-03-30,1980.0,1980.0,1860.0,1860.0,1619.30249,82145200
2020-03-31,1915.0,2010.0,1860.0,1910.0,1662.8320310000001,199220400
2020-04-01,1915.0,2000.0,1835.0,1840.0,1601.890625,172971000
2020-04-02,1845.0,1925.0,1735.0,1925.0,1675.890991,117968800
2020-04-03,1940.0,2020.0,1920.0,2005.0,1745.53833,95169200
2020-04-06,2030.0,2150.0,2005.0,2145.0,1867.421509,122959600
2020-04-07,2245.0,2325.0,2060.0,2155.0,1876.1273190000002,163256600
2020-04-08,2100.0,2120.0,2005.0,2005.0,1745.53833,123065400
2020-04-09,2050.0,2075.0,1935.0,1995.0,1736.83252,73319200
2020-04-13,2000.0,2035.0,1950.0,1995.0,1736.83252,41042600
2020-04-14,2000.0,2095.0,2000.0,2075.0,1806.47998,57683200
2020-04-15,2080.0,2115.0,1995.0,2100.0,1828.2447510000002,75203600
2020-04-16,2050.0,2050.0,1975.0,1990.0,1732.4794920000002,92763800
2020-04-17,2035.0,2085.0,2035.0,2080.0,1810.8330079999998,89041400
2020-04-20,2085.0,2120.0,2035.0,2050.0,1784.715088,69765600
2020-04-21,2040.0,2050.0,1995.0,2015.0,1754.2443850000002,41715200
2020-04-22,1985.0,2035.0,1950.0,2010.0,1749.891479,105656400
2020-04-23,2025.0,2035.0,1995.0,2010.0,1749.891479,76382800
2020-04-24,2010.0,2010.0,1890.0,1900.0,1654.126221,100645000
2020-04-27,1935.0,1960.0,1875.0,1900.0,1654.126221,68610200
2020-04-28,1910.0,1915.0,1875.0,1910.0,1662.8320310000001,69997600
2020-04-29,1925.0,1925.0,1875.0,1880.0,1636.714233,65257600
2020-04-30,1910.0,2050.0,1900.0,2050.0,1784.715088,126389200
2020-05-04,2000.0,2000.0,1935.0,1960.0,1706.361816,66251600
2020-05-05,1980.0,2015.0,1890.0,1920.0,1671.537964,108560200
2020-05-06,1925.0,1945.0,1910.0,1915.0,1667.185181,82511800
2020-05-08,1925.0,1935.0,1895.0,1900.0,1654.126221,91046000
2020-05-11,1930.0,1930.0,1900.0,1900.0,1654.126221,80701600
2020-05-12,1910.0,1910.0,1825.0,1830.0,1593.184692,164776400
2020-05-13,1820.0,1870.0,1790.0,1860.0,1619.30249,78014600
2020-05-14,1835.0,1870.0,1755.0,1770.0,1540.9490970000002,94613200
2020-05-15,1785.0,1795.0,1650.0,1670.0,1453.889893,173916400
2020-05-18,1690.0,1705.0,1635.0,1665.0,1449.536987,83620800
2020-05-19,1700.0,1790.0,1690.0,1760.0,1532.243286,154163000
2020-05-20,1785.0,1820.0,1710.0,1800.0,1567.066895,148603000
2020-05-26,1830.0,1830.0,1790.0,1815.0,1580.125732,88906800
2020-05-27,1820.0,1850.0,1790.0,1815.0,1580.125732,128476400
2020-05-28,1820.0,1895.0,1815.0,1830.0,1593.184692,233662000
2020-05-29,1830.0,1930.0,1795.0,1915.0,1667.185181,294115600
2020-06-02,1950.0,2020.0,1925.0,1985.0,1728.1265870000002,263164400
2020-06-03,2010.0,2095.0,1940.0,2065.0,1797.774048,277008600
2020-06-04,2100.0,2180.0,2055.0,2070.0,1802.1269530000002,227041600
2020-06-05,2100.0,2145.0,2015.0,2125.0,1850.0096440000002,145380800
2020-06-08,2175.0,2470.0,2170.0,2415.0,2102.481445,311447600
2020-06-09,2450.0,2575.0,2425.0,2430.0,2115.540283,285710200
2020-06-10,2425.0,2425.0,2260.0,2260.0,1967.539551,303568800
2020-06-11,2255.0,2255.0,2105.0,2105.0,1832.5979,444085400
2020-06-12,2105.0,2235.0,1970.0,2235.0,1945.7746579999998,399567400
2020-06-15,2240.0,2250.0,2090.0,2100.0,1828.2447510000002,233304600
2020-06-16,2175.0,2305.0,2175.0,2305.0,2006.716187,263297600
2020-06-17,2340.0,2375.0,2255.0,2275.0,1980.598389,186268000
2020-06-18,2250.0,2285.0,2215.0,2250.0,1958.8337399999998,104127000
2020-06-19,2275.0,2285.0,2225.0,2240.0,1950.127686,82478400
2020-06-22,2240.0,2255.0,2220.0,2235.0,1945.7746579999998,51006800
2020-06-23,2235.0,2235.0,2160.0,2190.0,1906.598022,83534400
2020-06-24,2205.0,2390.0,2205.0,2370.0,2063.3046879999997,302121200
2020-06-25,2335.0,2345.0,2255.0,2275.0,1980.598389,235644400
2020-06-26,2325.0,2345.0,2275.0,2290.0,1993.657471,133600200
2020-06-29,2275.0,2300.0,2245.0,2295.0,1998.0103760000002,69967400
2020-06-30,2335.0,2350.0,2275.0,2290.0,1993.657471,123530000
2020-07-01,2300.0,2315.0,2255.0,2270.0,1976.245605,74028600
2020-07-02,2270.0,2300.0,2270.0,2295.0,1998.0103760000002,57236400
2020-07-03,2300.0,2320.0,2275.0,2280.0,1984.9512940000002,47528000
2020-07-06,2295.0,2320.0,2290.0,2305.0,2006.716187,62036400
2020-07-07,2325.0,2330.0,2290.0,2300.0,2002.363281,82084400
2020-07-08,2300.0,2415.0,2290.0,2400.0,2089.422607,230576800
2020-07-09,2410.0,2430.0,2360.0,2365.0,2058.951904,116501200
2020-07-10,2350.0,2365.0,2325.0,2335.0,2032.8341059999998,75306000
2020-07-13,2350.0,2385.0,2350.0,2375.0,2067.657715,71091800
2020-07-14,2375.0,2390.0,2350.0,2360.0,2054.598877,96113000
2020-07-15,2380.0,2390.0,2355.0,2355.0,2050.24585,84620000
2020-07-16,2355.0,2370.0,2340.0,2350.0,2045.8929440000002,86094200
2020-07-17,2340.0,2360.0,2335.0,2335.0,2032.8341059999998,37567000
2020-07-20,2345.0,2345.0,2255.0,2270.0,1976.245605,135393000
2020-07-21,2285.0,2350.0,2280.0,2340.0,2037.18689,121672800
2020-07-22,2350.0,2375.0,2330.0,2335.0,2032.8341059999998,96854200
2020-07-23,2345.0,2395.0,2335.0,2355.0,2050.24585,152124600
2020-07-24,2355.0,2355.0,2295.0,2305.0,2006.716187,109205600
2020-07-27,2320.0,2330.0,2300.0,2325.0,2024.128052,54144000
2020-07-28,2330.0,2355.0,2325.0,2340.0,2037.18689,70478400
2020-07-29,2330.0,2330.0,2290.0,2295.0,1998.0103760000002,128065400
2020-07-30,2305.0,2315.0,2285.0,2300.0,2002.363281,96801600
2020-08-03,2325.0,2325.0,2150.0,2220.0,1932.71582,146498200
2020-08-04,2235.0,2280.0,2225.0,2280.0,1984.9512940000002,66409200
2020-08-05,2285.0,2320.0,2255.0,2315.0,2015.422363,82299800
2020-08-06,2325.0,2335.0,2315.0,2320.0,2019.7750239999998,64511600
2020-08-07,2320.0,2340.0,2300.0,2310.0,2011.069214,56842400
2020-08-10,2310.0,2320.0,2305.0,2310.0,2011.069214,29651200
2020-08-11,2315.0,2410.0,2315.0,2390.0,2080.716553,192912200
2020-08-12,2400.0,2600.0,2380.0,2562.5,2230.893799,362397000
2020-08-13,2600.0,2675.0,2512.5,2537.5,2209.12915,175205000
2020-08-14,2537.5,2550.0,2500.0,2500.0,2176.481689,114290200
2020-08-18,2525.0,2612.5,2512.5,2525.0,2198.246826,203541200
2020-08-19,2537.5,2600.0,2500.0,2525.0,2198.246826,159091800
2020-08-24,2537.5,2575.0,2525.0,2550.0,2220.011475,105466800
2020-08-25,2575.0,2675.0,2575.0,2637.5,2296.188232,185542800
2020-08-26,2650.0,2675.0,2600.0,2662.5,2317.953125,145659800
2020-08-27,2662.5,2712.5,2625.0,2650.0,2307.0708010000003,113335600
2020-08-28,2662.5,2675.0,2612.5,2625.0,2285.305908,83795800
2020-08-31,2650.0,2662.5,2500.0,2550.0,2220.011475,251920000
2020-09-01,2575.0,2587.5,2512.5,2587.5,2252.658691,108883800
2020-09-02,2625.0,2637.5,2562.5,2612.5,2274.423584,92414800
2020-09-03,2637.5,2687.5,2625.0,2675.0,2328.8354489999997,267877200
2020-09-04,2625.0,2625.0,2562.5,2612.5,2274.423584,188192000
2020-09-07,2612.5,2637.5,2562.5,2625.0,2285.305908,81856400
2020-09-08,2650.0,2650.0,2612.5,2625.0,2285.305908,45193600
2020-09-09,2575.0,2587.5,2512.5,2512.5,2187.3642579999996,146843600
2020-09-10,2390.0,2395.0,2340.0,2340.0,2037.18689,264205400
2020-09-11,2225.0,2440.0,2210.0,2435.0,2119.893311,242923200
2020-09-14,2490.0,2525.0,2455.0,2525.0,2198.246826,155021200
2020-09-15,2525.0,2550.0,2455.0,2470.0,2150.364014,98187400
2020-09-16,2495.0,2495.0,2435.0,2435.0,2119.893311,60506400
2020-09-17,2430.0,2445.0,2350.0,2360.0,2054.598877,124173000
2020-09-18,2360.0,2405.0,2350.0,2370.0,2063.3046879999997,87300200
2020-09-21,2380.0,2380.0,2275.0,2295.0,1998.0103760000002,88031200
2020-09-22,2250.0,2320.0,2230.0,2270.0,1976.245605,96480800
2020-09-23,2285.0,2300.0,2180.0,2210.0,1924.0100100000002,111629000
2020-09-24,2180.0,2200.0,2155.0,2165.0,1884.8333739999998,101549000
2020-09-25,2180.0,2300.0,2180.0,2300.0,2002.363281,109984600
2020-09-28,2325.0,2345.0,2250.0,2270.0,1976.245605,62118800
2020-09-29,2300.0,2325.0,2235.0,2255.0,1963.186523,84460000
2020-09-30,2275.0,2280.0,2185.0,2220.0,1932.71582,63903400
2020-10-01,2245.0,2290.0,2235.0,2285.0,1989.304443,51766000
2020-10-02,2290.0,2295.0,2190.0,2255.0,1963.186523,61431000
2020-10-05,2270.0,2310.0,2250.0,2310.0,2011.069214,59714200
2020-10-06,2355.0,2370.0,2325.0,2335.0,2032.8341059999998,98068200
2020-10-07,2310.0,2345.0,2305.0,2335.0,2032.8341059999998,48203400
2020-10-08,2360.0,2360.0,2325.0,2335.0,2032.8341059999998,42166800
2020-10-09,2350.0,2350.0,2310.0,2320.0,2019.7750239999998,51010400
2020-10-12,2345.0,2355.0,2330.0,2335.0,2032.8341059999998,63289000
2020-10-13,2335.0,2390.0,2310.0,2380.0,2072.010986,90512400
2020-10-14,2380.0,2475.0,2380.0,2475.0,2154.717041,133840600
2020-10-15,2475.0,2475.0,2390.0,2390.0,2080.716553,106439400
2020-10-16,2425.0,2430.0,2380.0,2405.0,2093.775391,54115000
2020-10-19,2425.0,2450.0,2410.0,2445.0,2128.599121,73015200
2020-10-20,2435.0,2445.0,2405.0,2405.0,2093.775391,57256800
2020-10-21,2425.0,2465.0,2425.0,2440.0,2124.246582,89392600
2020-10-22,2415.0,2440.0,2415.0,2430.0,2115.540283,44578200
2020-10-23,2430.0,2450.0,2420.0,2425.0,2111.1875,46222200
2020-10-26,2435.0,2460.0,2415.0,2425.0,2111.1875,112967200
2020-10-27,2400.0,2425.0,2365.0,2370.0,2063.3046879999997,176476000
2020-11-02,2350.0,2355.0,2295.0,2330.0,2028.481201,145155000
2020-11-03,2350.0,2370.0,2330.0,2335.0,2032.8341059999998,89949600
2020-11-04,2350.0,2360.0,2300.0,2310.0,2011.069214,70802200
2020-11-05,2360.0,2425.0,2340.0,2415.0,2102.481445,180563400
2020-11-06,2430.0,2512.5,2385.0,2480.0,2159.070068,240710000
2020-11-09,2525.0,2575.0,2500.0,2550.0,2220.011475,166734000
2020-11-10,2625.0,2675.0,2600.0,2662.5,2317.953125,251065000
2020-11-11,2687.5,2762.5,2662.5,2737.5,2383.247559,214751400
2020-11-12,2775.0,2775.0,2650.0,2687.5,2339.718018,133987600
2020-11-13,2662.5,2850.0,2637.5,2825.0,2459.424316,198407400
2020-11-16,2875.0,2925.0,2825.0,2837.5,2470.306885,173760800
2020-11-17,2875.0,2900.0,2837.5,2875.0,2502.954102,126882200
2020-11-18,2875.0,2887.5,2825.0,2862.5,2492.071777,97499400
2020-11-19,2837.5,2900.0,2825.0,2875.0,2502.954102,122667200
2020-11-20,2850.0,2900.0,2825.0,2837.5,2470.306885,106282800
2020-11-23,2837.5,2987.5,2812.5,2950.0,2568.248779,165072200
2020-11-24,2987.5,2987.5,2950.0,2975.0,2590.013428,123975400
2020-11-25,3000.0,3087.5,3000.0,3025.0,2633.543213,202412800
2020-11-26,3025.0,3175.0,3012.5,3150.0,2742.3671879999997,133546200
2020-11-27,3150.0,3187.5,3100.0,3175.0,2764.131836,129836400
2020-11-30,3175.0,3175.0,2975.0,3000.0,2611.778076,320814200
2020-12-01,3037.5,3125.0,2962.5,3125.0,2720.602295,199570600
2020-12-02,3150.0,3187.5,3100.0,3175.0,2764.131836,103987400
2020-12-03,3187.5,3250.0,3150.0,3175.0,2764.131836,128300400
2020-12-04,3162.5,3212.5,3100.0,3175.0,2764.131836,87823400
2020-12-07,3250.0,3337.5,3225.0,3325.0,2894.720947,121274800
2020-12-08,3325.0,3350.0,3275.0,3325.0,2894.720947,70337400
2020-12-10,3325.0,3350.0,3287.5,3300.0,2872.956055,97416000
2020-12-11,3325.0,3350.0,3275.0,3287.5,2862.07373,62718600
2020-12-14,3287.5,3312.5,3225.0,3287.5,2862.07373,118385600
2020-12-15,3262.5,3275.0,3225.0,3250.0,2829.42627,83508200
2020-12-16,3275.0,3337.5,3275.0,3337.5,2905.603027,98639200
2020-12-17,3350.0,3375.0,3300.0,3337.5,2905.603027,81480800
2020-12-18,3312.5,3350.0,3300.0,3325.0,2894.720947,56371400
2020-12-21,3337.5,3362.5,3287.5,3300.0,2872.956055,68494800
2020-12-22,3262.5,3287.5,3137.5,3150.0,2742.3671879999997,127411600
2020-12-23,3150.0,3212.5,2975.0,3125.0,2720.602295,111054800
2020-12-28,3200.0,3225.0,3075.0,3225.0,2807.661621,61917400
2020-12-29,3225.0,3237.5,3125.0,3150.0,2742.3671879999997,51736600
2020-12-30,3150.0,3175.0,3075.0,3087.5,2687.955078,76480000
2021-01-04,3125.0,3200.0,3050.0,3187.5,2775.014404,81711400
2021-01-05,3200.0,3250.0,3150.0,3250.0,2829.42627,68509200
2021-01-06,3262.5,3275.0,3100.0,3200.0,2785.896973,74299600
2021-01-07,3237.5,3250.0,3175.0,3212.5,2796.779297,74138800
2021-01-08,3212.5,3250.0,3187.5,3237.5,2818.543945,72826800
2021-01-11,3237.5,3300.0,3225.0,3262.5,2840.308838,149359200
2021-01-12,3300.0,3337.5,3237.5,3250.0,2829.42627,120481200
2021-01-13,3262.5,3300.0,3237.5,3262.5,2840.308838,84618200
2021-01-14,3262.5,3300.0,3212.5,3225.0,2807.661621,68392400
2021-01-15,3225.0,3250.0,3125.0,3162.5,2753.2495120000003,105609800
2021-01-18,3150.0,3187.5,3100.0,3150.0,2742.3671879999997,80840600
2021-01-19,3150.0,3187.5,3075.0,3112.5,2709.719971,88881200
2021-01-20,3100.0,3237.5,3100.0,3212.5,2796.779297,109658000
2021-01-21,3250.0,3287.5,3212.5,3212.5,2796.779297,59591200
2021-01-22,3200.0,3225.0,3125.0,3137.5,2731.4848629999997,89496000
2021-01-25,3137.5,3150.0,3062.5,3112.5,2709.719971,62801600
2021-01-26,3112.5,3137.5,3000.0,3037.5,2644.425293,94759800
2021-01-27,3037.5,3050.0,2912.5,2987.5,2600.895752,121073600
2021-01-28,2900.0,2975.0,2850.0,2887.5,2513.83667,105682200
2021-01-29,2900.0,2987.5,2725.0,2775.0,2415.89502,155809200
2021-02-01,2775.0,2937.5,2625.0,2925.0,2546.483643,153317600
2021-02-02,2937.5,3025.0,2925.0,2950.0,2568.248779,113771800
2021-02-03,3025.0,3200.0,2987.5,3150.0,2742.3671879999997,239553600
2021-02-04,3162.5,3175.0,3087.5,3137.5,2731.4848629999997,100262200
2021-02-05,3175.0,3187.5,3112.5,3150.0,2742.3671879999997,46060200
2021-02-08,3150.0,3187.5,3137.5,3150.0,2742.3671879999997,44851400
2021-02-09,3137.5,3200.0,3100.0,3112.5,2709.719971,86257400
2021-02-10,3112.5,3137.5,3075.0,3100.0,2698.837402,30024200
2021-02-11,3125.0,3125.0,3075.0,3100.0,2698.837402,26663000
2021-02-15,3125.0,3162.5,3087.5,3112.5,2709.719971,53067000
2021-02-16,3125.0,3187.5,3087.5,3175.0,2764.131836,75821200
2021-02-17,3187.5,3200.0,3075.0,3075.0,2677.072754,89886200
2021-02-18,3050.0,3100.0,3000.0,3012.5,2622.660645,64395600
2021-02-19,3000.0,3025.0,2962.5,3000.0,2611.778076,51525600
2021-02-22,3000.0,3037.5,2962.5,2962.5,2579.131104,69472200
2021-02-23,2962.5,3000.0,2950.0,2975.0,2590.013428,38327600
2021-02-24,2987.5,3050.0,2987.5,3037.5,2644.425293,62323600
2021-02-25,3075.0,3100.0,3037.5,3037.5,2644.425293,68416400
2021-02-26,2975.0,3050.0,2962.5,2975.0,2590.013428,135017000
2021-03-01,3000.0,3112.5,2987.5,3112.5,2709.719971,82388800
2021-03-02,3137.5,3150.0,3050.0,3075.0,2677.072754,57119200
2021-03-03,3075.0,3100.0,3012.5,3012.5,2622.660645,64855000
2021-03-04,3012.5,3037.5,2987.5,3000.0,2611.778076,35366800
2021-03-05,2950.0,3025.0,2937.5,3000.0,2611.778076,48207200
2021-03-08,3037.5,3050.0,3000.0,3000.0,2611.778076,24737800
2021-03-09,3037.5,3050.0,2962.5,2987.5,2600.895752,43320000
2021-03-10,3012.5,3050.0,2975.0,3025.0,2633.543213,30935000
2021-03-12,3062.5,3100.0,3025.0,3075.0,2677.072754,74997200
2021-03-15,3100.0,3175.0,3075.0,3162.5,2753.2495120000003,133769600
2021-03-16,3162.5,3187.5,3100.0,3112.5,2709.719971,56139400
2021-03-17,3112.5,3112.5,3050.0,3050.0,2655.307861,44703400
2021-03-18,3100.0,3162.5,3075.0,3137.5,2731.4848629999997,88289600
2021-03-19,3125.0,3137.5,3075.0,3075.0,2677.072754,59625600
2021-03-22,3087.5,3112.5,3037.5,3050.0,2655.307861,40516200
2021-03-23,3050.0,3100.0,3037.5,3050.0,2655.307861,38971000
2021-03-24,3025.0,3050.0,2975.0,2975.0,2590.013428,64499200
2021-03-25,3000.0,3000.0,2937.5,2950.0,2568.248779,46671400
2021-03-26,2987.5,3050.0,2950.0,3025.0,2633.543213,37882400
2021-03-29,3025.0,3075.0,3000.0,3025.0,2633.543213,34467400
2021-03-30,3000.0,3025.0,2887.5,2900.0,2524.7189940000003,80632200
2021-03-31,2900.0,2925.0,2775.0,2862.5,2492.071777,87859400
2021-04-01,2862.5,2912.5,2812.5,2837.5,2470.306885,42609800
2021-04-05,2887.5,2900.0,2837.5,2875.0,2502.954102,29858600
2021-04-06,2900.0,2950.0,2875.0,2912.5,2535.601318,36015000
2021-04-07,2950.0,2950.0,2862.5,2887.5,2513.83667,35170000
2021-04-08,2875.0,2912.5,2862.5,2900.0,2563.806641,32473000
2021-04-09,2925.0,3050.0,2912.5,3000.0,2652.213623,99272400
2021-04-12,3012.5,3025.0,2912.5,2925.0,2585.908203,43708800
2021-04-13,2925.0,2937.5,2862.5,2900.0,2563.806641,36617000
2021-04-14,2912.5,2975.0,2900.0,2950.0,2608.010254,42649600
2021-04-15,2975.0,3012.5,2950.0,2987.5,2641.162598,35951800
2021-04-16,3012.5,3025.0,2937.5,2975.0,2630.111816,35331800
2021-04-19,2950.0,2987.5,2912.5,2937.5,2596.958984,23835600
2021-04-20,2937.5,2962.5,2900.0,2962.5,2619.061035,16545000
2021-04-21,2937.5,2937.5,2875.0,2887.5,2552.755615,26455400
2021-04-22,2900.0,2912.5,2825.0,2837.5,2508.552246,57216600
2021-04-23,2837.5,2900.0,2837.5,2887.5,2552.755615,37571600
2021-04-26,2925.0,2925.0,2850.0,2862.5,2530.653809,29762200
2021-04-27,2900.0,2950.0,2875.0,2950.0,2608.010254,61601400
2021-04-28,2950.0,2950.0,2900.0,2912.5,2574.857422,34861800
2021-04-29,2937.5,2962.5,2912.5,2937.5,2596.958984,22594200
2021-04-30,2937.5,2937.5,2825.0,2850.0,2519.603027,51811400
2021-05-03,2850.0,2862.5,2775.0,2787.5,2464.3486329999996,47424400
2021-05-04,2787.5,2812.5,2762.5,2812.5,2486.450195,34481200
2021-05-05,2825.0,2862.5,2800.0,2837.5,2508.552246,38031800
2021-05-06,2875.0,2887.5,2837.5,2850.0,2519.603027,30785200
2021-05-07,2875.0,2875.0,2800.0,2800.0,2475.399414,29105000
2021-05-10,2800.0,2825.0,2775.0,2787.5,2464.3486329999996,28382000
2021-05-11,2787.5,2787.5,2750.0,2762.5,2442.246826,25122800
2021-05-17,2787.5,2825.0,2725.0,2750.0,2431.1958010000003,53778600
2021-05-18,2750.0,2775.0,2700.0,2725.0,2409.0939940000003,26061200
2021-05-19,2700.0,2712.5,2600.0,2625.0,2320.686768,58396200
2021-05-20,2600.0,2662.5,2587.5,2625.0,2320.686768,47329400
2021-05-21,2650.0,2700.0,2625.0,2662.5,2353.8396,51714600
2021-05-24,2687.5,2687.5,2650.0,2650.0,2342.788818,29090200
2021-05-25,2650.0,2750.0,2650.0,2662.5,2353.8396,47884600
2021-05-27,2687.5,2750.0,2575.0,2575.0,2276.483398,161699000
2021-05-28,2637.5,2650.0,2600.0,2600.0,2298.585205,43171200
2021-05-31,2612.5,2750.0,2600.0,2700.0,2386.992432,69536200
2021-06-02,2750.0,2787.5,2712.5,2775.0,2453.297607,76636200
2021-06-03,2787.5,2875.0,2737.5,2875.0,2541.70459,54852600
2021-06-04,2850.0,2875.0,2800.0,2812.5,2486.450195,60249000
2021-06-07,2812.5,2825.0,2737.5,2762.5,2442.246826,29282200
2021-06-08,2775.0,2787.5,2737.5,2762.5,2442.246826,39074200
2021-06-09,2787.5,2825.0,2750.0,2812.5,2486.450195,31051200
2021-06-10,2825.0,2850.0,2800.0,2837.5,2508.552246,36977200
2021-06-11,2837.5,2850.0,2800.0,2837.5,2508.552246,37208800
2021-06-14,2837.5,2837.5,2762.5,2775.0,2453.297607,37052800
2021-06-15,2775.0,2787.5,2750.0,2762.5,2442.246826,28499000
2021-06-16,2750.0,2762.5,2662.5,2687.5,2375.941406,41794200
2021-06-17,2675.0,2675.0,2612.5,2625.0,2320.686768,51324600
2021-06-18,2612.5,2612.5,2445.0,2470.0,2183.6560059999997,309557000
2021-06-21,2445.0,2495.0,2390.0,2485.0,2196.9169920000004,106378400
2021-06-22,2500.0,2512.5,2455.0,2475.0,2188.076172,73577200
2021-06-23,2485.0,2485.0,2425.0,2425.0,2143.872559,79150800
2021-06-24,2425.0,2445.0,2395.0,2410.0,2130.611572,58488200
2021-06-25,2410.0,2440.0,2380.0,2380.0,2104.0896,55871200
2021-06-28,2375.0,2375.0,2290.0,2290.0,2024.523071,107955600
2021-06-29,2290.0,2330.0,2280.0,2290.0,2024.523071,51061600
2021-06-30,2290.0,2340.0,2290.0,2315.0,2046.624756,75289400
2021-07-01,2315.0,2390.0,2315.0,2350.0,2077.5673829999996,58895400
2021-07-02,2350.0,2430.0,2350.0,2415.0,2135.031982,70071000
2021-07-05,2415.0,2420.0,2350.0,2360.0,2086.407959,49599400
2021-07-06,2365.0,2375.0,2340.0,2355.0,2081.987549,53836400
2021-07-07,2355.0,2380.0,2340.0,2365.0,2090.8283690000003,40015800
2021-07-08,2375.0,2415.0,2360.0,2380.0,2104.0896,50402000
2021-07-09,2380.0,2380.0,2310.0,2320.0,2051.045166,56642000
2021-07-12,2325.0,2355.0,2300.0,2350.0,2077.5673829999996,50318200
2021-07-13,2360.0,2375.0,2320.0,2335.0,2064.306152,35251400
2021-07-14,2310.0,2320.0,2280.0,2290.0,2024.523071,47666600
2021-07-15,2290.0,2385.0,2290.0,2360.0,2086.407959,69427000
2021-07-16,2375.0,2415.0,2370.0,2405.0,2126.191162,52095400
2021-07-19,2405.0,2425.0,2380.0,2410.0,2130.611572,35613800
2021-07-21,2410.0,2480.0,2410.0,2450.0,2165.974609,72049800
2021-07-22,2512.5,2625.0,2512.5,2575.0,2276.483398,121692000
2021-07-23,2575.0,2600.0,2525.0,2537.5,2243.330811,40381400
2021-07-26,2550.0,2562.5,2500.0,2525.0,2232.279785,37694000
2021-07-27,2550.0,2550.0,2500.0,2512.5,2221.229004,29688200
2021-07-28,2512.5,2525.0,2455.0,2480.0,2192.496582,49192200
2021-07-29,2475.0,2512.5,2455.0,2465.0,2179.235352,29831400
2021-07-30,2450.0,2465.0,2385.0,2390.0,2112.9301760000003,84261600
2021-08-02,2390.0,2415.0,2375.0,2410.0,2130.611572,27577000
2021-08-03,2410.0,2485.0,2400.0,2475.0,2188.076172,37556000
2021-08-04,2490.0,2537.5,2465.0,2525.0,2232.279785,42847800
2021-08-05,2525.0,2612.5,2525.0,2600.0,2298.585205,84034200
2021-08-06,2612.5,2625.0,2525.0,2562.5,2265.432373,37009400
2021-08-09,2575.0,2575.0,2480.0,2490.0,2201.337402,33795000
2021-08-10,2500.0,2525.0,2475.0,2495.0,2205.757568,23582400
2021-08-12,2525.0,2550.0,2495.0,2537.5,2243.330811,20368000
2021-08-13,2562.5,2575.0,2525.0,2550.0,2254.381592,17836000
2021-08-16,2575.0,2587.5,2512.5,2575.0,2276.483398,27000000
2021-08-18,2587.5,2712.5,2575.0,2712.5,2398.043213,125505200
2021-08-19,2700.0,2712.5,2587.5,2650.0,2342.788818,95932200
2021-08-20,2650.0,2725.0,2600.0,2712.5,2398.043213,55731800
2021-08-23,2725.0,2737.5,2637.5,2675.0,2364.8903809999997,40378000
2021-08-24,2675.0,2687.5,2625.0,2662.5,2353.8396,32190600
2021-08-25,2662.5,2675.0,2612.5,2625.0,2320.686768,22969800
2021-08-26,2637.5,2650.0,2575.0,2612.5,2309.635986,33832400
2021-08-27,2637.5,2675.0,2612.5,2650.0,2342.788818,37452800
2021-08-30,2687.5,2712.5,2650.0,2700.0,2386.992432,47411800
2021-08-31,2700.0,2712.5,2650.0,2700.0,2386.992432,42541400
2021-09-01,2700.0,2712.5,2650.0,2662.5,2353.8396,16831200
2021-09-02,2687.5,2687.5,2612.5,2625.0,2320.686768,32874400
2021-09-03,2637.5,2737.5,2625.0,2725.0,2409.0939940000003,50949800
2021-09-06,2725.0,2750.0,2712.5,2725.0,2409.0939940000003,38296400
2021-09-07,2737.5,2750.0,2687.5,2700.0,2386.992432,48409200
2021-09-08,2700.0,2700.0,2625.0,2662.5,2353.8396,38505400
2021-09-09,2662.5,2712.5,2637.5,2700.0,2386.992432,39836600
2021-09-10,2700.0,2737.5,2675.0,2725.0,2409.0939940000003,34009400
2021-09-13,2700.0,2712.5,2675.0,2700.0,2386.992432,17832600
2021-09-14,2700.0,2725.0,2700.0,2700.0,2386.992432,17803800
2021-09-15,2675.0,2687.5,2650.0,2675.0,2364.8903809999997,32731600
2021-09-16,2675.0,2687.5,2625.0,2637.5,2331.738037,31792000
2021-09-17,2625.0,2662.5,2612.5,2650.0,2342.788818,36439800
2021-09-20,2625.0,2637.5,2562.5,2575.0,2276.483398,44196800
2021-09-21,2550.0,2562.5,2512.5,2562.5,2265.432373,54314200
2021-09-22,2562.5,2587.5,2525.0,2575.0,2276.483398,41978200
2021-09-23,2587.5,2600.0,2550.0,2562.5,2265.432373,61940400
2021-09-24,2562.5,2587.5,2537.5,2550.0,2254.381592,39455000
2021-09-27,2550.0,2562.5,2512.5,2537.5,2243.330811,26683200
2021-09-28,2537.5,2562.5,2525.0,2525.0,2232.279785,27900800
2021-09-29,2512.5,2625.0,2512.5,2612.5,2309.635986,42313400
2021-09-30,2612.5,2687.5,2600.0,2687.5,2375.941406,69114400
2021-10-01,2687.5,2687.5,2662.5,2675.0,2364.8903809999997,28026800
2021-10-04,2675.0,2900.0,2675.0,2850.0,2519.603027,147876600
2021-10-05,2837.5,2875.0,2812.5,2850.0,2519.603027,65757000
2021-10-06,2875.0,3100.0,2850.0,3000.0,2652.213623,222205600
2021-10-07,3000.0,3037.5,2950.0,2987.5,2641.162598,84459800
2021-10-08,3025.0,3100.0,3012.5,3075.0,2718.519043,96927800
2021-10-11,3075.0,3212.5,3075.0,3200.0,2829.028076,146990800
2021-10-12,3200.0,3250.0,3162.5,3200.0,2829.028076,144795200
2021-10-13,3250.0,3400.0,3200.0,3337.5,2950.587646,297783800
2021-10-14,3337.5,3437.5,3337.5,3437.5,3038.994629,156735200
2021-10-15,3475.0,3487.5,3325.0,3375.0,2983.740234,118737200
2021-10-18,3437.5,3587.5,3412.5,3537.5,3127.401855,206314600
2021-10-19,3575.0,3612.5,3512.5,3612.5,3193.707275,128186800
2021-10-21,3675.0,3725.0,3625.0,3662.5,3237.910889,140777400
2021-10-22,3662.5,3737.5,3562.5,3725.0,3293.165283,95312000
2021-10-25,3737.5,3787.5,3675.0,3675.0,3248.96167,97000800
2021-10-26,3675.0,3700.0,3600.0,3637.5,3215.809082,52453800
2021-10-27,3612.5,3625.0,3525.0,3537.5,3127.401855,95347600
2021-10-28,3512.5,3537.5,3462.5,3525.0,3116.3510739999997,78045400
2021-10-29,3587.5,3587.5,3425.0,3500.0,3094.249023,118294800
2021-11-01,3512.5,3512.5,3412.5,3425.0,3027.943848,69669000
2021-11-02,3425.0,3475.0,3362.5,3400.0,3005.842285,60944600
2021-11-03,3400.0,3525.0,3362.5,3512.5,3105.300293,93339800
2021-11-04,3537.5,3562.5,3500.0,3500.0,3094.249023,54733000
2021-11-05,3500.0,3512.5,3437.5,3475.0,3072.147461,32817000
2021-11-08,3500.0,3562.5,3462.5,3525.0,3116.3510739999997,49871600
2021-11-09,3525.0,3537.5,3487.5,3525.0,3116.3510739999997,24198600
2021-11-10,3500.0,3537.5,3462.5,3537.5,3127.401855,25594600
2021-11-11,3500.0,3562.5,3500.0,3512.5,3105.300293,31442200
2021-11-12,3512.5,3525.0,3450.0,3450.0,3050.045654,46965800
2021-11-15,3425.0,3462.5,3400.0,3400.0,3005.842285,49796800
2021-11-16,3400.0,3475.0,3375.0,3437.5,3038.994629,38494800
2021-11-17,3475.0,3500.0,3450.0,3500.0,3094.249023,40673800
2021-11-18,3500.0,3500.0,3450.0,3462.5,3061.09668,21636600
2021-11-19,3475.0,3525.0,3462.5,3512.5,3105.300293,47973200
2021-11-22,3512.5,3600.0,3500.0,3587.5,3171.605469,105224000
2021-11-23,3587.5,3600.0,3500.0,3500.0,3094.249023,64255400
2021-11-24,3537.5,3562.5,3512.5,3537.5,3127.401855,39856200
2021-11-25,3537.5,3637.5,3525.0,3587.5,3171.605469,94781000
2021-11-26,3562.5,3562.5,3425.0,3437.5,3038.994629,136419000
2021-11-29,3437.5,3512.5,3375.0,3475.0,3072.147461,110182000
2021-11-30,3500.0,3500.0,3400.0,3400.0,3005.842285,103074800
2021-12-01,3400.0,3450.0,3300.0,3325.0,2939.536865,102525600
2021-12-02,3325.0,3437.5,3275.0,3412.5,3016.893066,80505200
2021-12-03,3425.0,3437.5,3362.5,3362.5,2972.689453,25241800
2021-12-06,3362.5,3462.5,3362.5,3425.0,3027.943848,53587600
2021-12-07,3450.0,3525.0,3425.0,3525.0,3116.3510739999997,52704600
2021-12-08,3525.0,3537.5,3425.0,3425.0,3027.943848,69263600
2021-12-09,3450.0,3450.0,3400.0,3412.5,3016.893066,22996000
2021-12-10,3400.0,3425.0,3375.0,3387.5,2994.79126,44792200
2021-12-13,3425.0,3475.0,3400.0,3425.0,3027.943848,44218400
2021-12-14,3425.0,3450.0,3387.5,3437.5,3038.994629,28209200
2021-12-15,3425.0,3487.5,3412.5,3437.5,3038.994629,39056400
2021-12-16,3462.5,3475.0,3375.0,3375.0,2983.740234,44312200
2021-12-17,3375.0,3425.0,3362.5,3375.0,2983.740234,46617600
2021-12-20,3375.0,3387.5,3325.0,3362.5,2972.689453,42364800
2021-12-21,3362.5,3400.0,3337.5,3350.0,2961.638672,27763600
2021-12-22,3375.0,3387.5,3300.0,3312.5,2928.48584,36773200
2021-12-23,3312.5,3337.5,3312.5,3325.0,2939.536865,20865200
2021-12-24,3325.0,3362.5,3287.5,3362.5,2972.689453,27466400
2021-12-27,3362.5,3375.0,3337.5,3375.0,2983.740234,21300600
2021-12-28,3375.0,3387.5,3350.0,3350.0,2961.638672,29432600
2021-12-29,3350.0,3375.0,3337.5,3362.5,2972.689453,16851800
2021-12-30,3362.5,3387.5,3337.5,3375.0,2983.740234,23619400
2022-01-03,3375.0,3400.0,3350.0,3362.5,2972.689453,23056600
2022-01-04,3400.0,3525.0,3387.5,3512.5,3105.300293,103142000
2022-01-05,3512.5,3525.0,3425.0,3475.0,3072.147461,71824800
2022-01-06,3475.0,3500.0,3412.5,3475.0,3072.147461,44384800
2022-01-07,3500.0,3550.0,3462.5,3537.5,3127.401855,67311600
2022-01-10,3537.5,3587.5,3512.5,3525.0,3116.3510739999997,63924600
2022-01-11,3525.0,3562.5,3487.5,3512.5,3105.300293,38404400
2022-01-12,3525.0,3550.0,3487.5,3525.0,3116.3510739999997,28322200
2022-01-13,3525.0,3537.5,3500.0,3512.5,3105.300293,25598400
2022-01-14,3512.5,3575.0,3487.5,3550.0,3138.4526370000003,39342200
2022-01-17,3562.5,3600.0,3525.0,3600.0,3182.65625,92592800
2022-01-18,3600.0,3625.0,3462.5,3537.5,3127.401855,70206600
2022-01-19,3512.5,3550.0,3475.0,3550.0,3138.4526370000003,44159000
2022-01-20,3550.0,3575.0,3487.5,3575.0,3160.5546879999997,33241200
2022-01-21,3562.5,3587.5,3525.0,3587.5,3171.605469,21681400
2022-01-24,3562.5,3562.5,3512.5,3550.0,3138.4526370000003,40845000
2022-01-25,3550.0,3550.0,3387.5,3400.0,3005.842285,144670400
2022-01-26,3437.5,3562.5,3425.0,3562.5,3149.503662,107417000
2022-01-27,3550.0,3650.0,3525.0,3600.0,3182.65625,97516000
2022-01-28,3600.0,3750.0,3600.0,3750.0,3315.26709,127578000
2022-01-31,3750.0,3762.5,3662.5,3662.5,3237.910889,60466600
2022-02-02,3662.5,3700.0,3650.0,3687.5,3260.012695,38728000
2022-02-03,3662.5,3675.0,3612.5,3650.0,3226.8598629999997,32303800
2022-02-04,3637.5,3675.0,3612.5,3662.5,3237.910889,21974000
2022-02-07,3662.5,3712.5,3662.5,3687.5,3260.012695,57166000
2022-02-08,3712.5,3800.0,3700.0,3750.0,3315.26709,131125400
2022-02-09,3762.5,3812.5,3712.5,3787.5,3348.419678,110157800
2022-02-10,3825.0,3875.0,3787.5,3837.5,3392.6232909999994,142626800
2022-02-11,3825.0,3887.5,3787.5,3850.0,3403.674072,70289600
2022-02-14,3837.5,3850.0,3800.0,3850.0,3403.674072,72269600
2022-02-15,3875.0,3975.0,3862.5,3962.5,3503.132324,136495000
2022-02-16,3975.0,3987.5,3950.0,3975.0,3514.1831049999996,93191200
2022-02-17,3975.0,3975.0,3887.5,3950.0,3492.0812990000004,41691800
2022-02-18,3950.0,3987.5,3912.5,3987.5,3525.233887,39658800
2022-02-21,3950.0,4000.0,3925.0,3950.0,3492.0812990000004,49586600
2022-02-22,3900.0,3925.0,3850.0,3875.0,3425.7761229999996,62886200
2022-02-23,3887.5,3962.5,3887.5,3962.5,3503.132324,71828400
2022-02-24,3950.0,4000.0,3850.0,3912.5,3458.928711,166483000
2022-02-25,3912.5,4000.0,3900.0,4000.0,3536.2849119999996,94301200
2022-03-01,4100.0,4100.0,3962.5,3962.5,3503.132324,74543000
2022-03-02,3925.0,3950.0,3875.0,3887.5,3436.826904,79796000
2022-03-04,3925.0,3962.5,3900.0,3950.0,3492.0812990000004,60579000
2022-03-07,3900.0,3950.0,3850.0,3862.5,3414.725098,76482800
2022-03-08,3850.0,3912.5,3762.5,3800.0,3359.4704590000006,86761000
2022-03-09,3775.0,3950.0,3775.0,3887.5,3436.826904,78102800
2022-03-10,3925.0,3950.0,3862.5,3887.5,3436.826904,38764200
2022-03-11,3925.0,3987.5,3887.5,3975.0,3514.1831049999996,61069000
2022-03-14,3987.5,4100.0,3900.0,4050.0,3580.4882810000004,107659400
2022-03-15,4050.0,4100.0,4012.5,4037.5,3569.4375,67142400
2022-03-16,4050.0,4200.0,4050.0,4175.0,3690.997314,129432200
2022-03-17,4225.0,4250.0,4100.0,4112.5,3635.742676,63973200
2022-03-18,4125.0,4175.0,4050.0,4150.0,3668.8955079999996,117918600
2022-03-21,4162.5,4175.0,4025.0,4037.5,3569.4375,60900600
2022-03-22,4037.5,4050.0,4000.0,4012.5,3547.335693,44859000
2022-03-23,4000.0,4037.5,3987.5,4037.5,3569.4375,71597200
2022-03-24,4000.0,4125.0,3975.0,4112.5,3772.4350590000004,91401400
2022-03-25,4112.5,4137.5,4050.0,4112.5,3772.4350590000004,58910800
2022-03-28,4150.0,4262.5,4112.5,4250.0,3898.565186,95596200
2022-03-29,4250.0,4275.0,4187.5,4187.5,3841.233398,37284800
2022-03-30,4225.0,4287.5,4162.5,4200.0,3852.699707,52844800
2022-03-31,4212.5,4225.0,4125.0,4125.0,3783.901611,53597400
2022-04-01,4125.0,4225.0,4062.5,4100.0,3760.96875,68466400
2022-04-04,4100.0,4262.5,4100.0,4212.5,3864.1660159999997,69486600
2022-04-05,4212.5,4225.0,4150.0,4187.5,3841.233398,29250200
2022-04-06,4137.5,4150.0,4062.5,4075.0,3738.0361329999996,69207400
2022-04-07,4075.0,4150.0,4037.5,4150.0,3806.834229,53820600
2022-04-08,4162.5,4225.0,4125.0,4212.5,3864.1660159999997,83823600
2022-04-11,4250.0,4250.0,4175.0,4200.0,3852.699707,71495400
2022-04-12,4200.0,4237.5,4137.5,4212.5,3864.1660159999997,55549200
2022-04-13,4262.5,4262.5,4187.5,4225.0,3875.632568,57121000
2022-04-14,4225.0,4250.0,4175.0,4200.0,3852.699707,35981200
2022-04-18,4200.0,4212.5,4175.0,4212.5,3864.1660159999997,42492600
2022-04-19,4200.0,4225.0,4162.5,4200.0,3852.699707,44256000
2022-04-20,4250.0,4512.5,4225.0,4487.5,4116.42627,138547200
2022-04-21,4500.0,4700.0,4500.0,4687.5,4299.888184,132273800
2022-04-22,4650.0,4725.0,4625.0,4675.0,4288.421875,85603200
2022-04-25,4662.5,4950.0,4587.5,4750.0,4357.219727000001,155795400
2022-04-26,4750.0,4850.0,4737.5,4800.0,4403.085449,79762000
2022-04-27,4800.0,4812.5,4700.0,4725.0,4334.287109000001,103426600
2022-04-28,4725.0,4775.0,4575.0,4612.5,4231.089844,140241600
2022-05-09,4500.0,4500.0,4325.0,4412.5,4047.6279299999997,209052000
2022-05-10,4175.0,4450.0,4175.0,4450.0,4082.0271,166343000
2022-05-11,4475.0,4600.0,4375.0,4387.5,4024.695313,69604200
2022-05-12,4400.0,4400.0,4087.5,4100.0,3760.96875,219025000
2022-05-13,4100.0,4137.5,4025.0,4125.0,3783.901611,110677200
2022-05-17,4175.0,4325.0,4100.0,4225.0,3875.632568,87783400
2022-05-18,4275.0,4437.5,4250.0,4375.0,4013.229004,106075600
2022-05-19,4275.0,4400.0,4225.0,4337.5,3978.8298340000006,64859200
2022-05-20,4350.0,4462.5,4350.0,4387.5,4024.695313,70372000
2022-05-23,4387.5,4487.5,4337.5,4425.0,4059.094482,60898200
2022-05-24,4512.5,4587.5,4475.0,4537.5,4162.291504,58031400
2022-05-25,4487.5,4575.0,4437.5,4462.5,4093.493408,73700400
2022-05-27,4500.0,4687.5,4487.5,4600.0,4219.623535,119132800
2022-05-30,4600.0,4637.5,4512.5,4600.0,4219.623535,66577800
2022-05-31,4637.5,4675.0,4537.5,4587.5,4208.157227000001,173358200
2022-06-02,4525.0,4587.5,4412.5,4425.0,4059.094482,69562600
2022-06-03,4475.0,4562.5,4450.0,4475.0,4104.959961,44234800
2022-06-06,4450.0,4487.5,4350.0,4450.0,4082.0271,70969000
2022-06-07,4550.0,4550.0,4412.5,4450.0,4082.0271,59999400
2022-06-08,4475.0,4500.0,4425.0,4500.0,4127.892578,36033000
2022-06-09,4425.0,4500.0,4337.5,4337.5,3978.8298340000006,104568600
2022-06-10,4237.5,4250.0,4125.0,4150.0,3806.834229,148581400
2022-06-13,4025.0,4137.5,3962.5,4125.0,3783.901611,168106400
2022-06-14,4137.5,4200.0,4075.0,4137.5,3795.36792,89451800
2022-06-15,4137.5,4150.0,4062.5,4137.5,3795.36792,50537200
2022-06-16,4200.0,4237.5,4125.0,4125.0,3783.901611,70161000
2022-06-17,4062.5,4125.0,4050.0,4087.5,3749.5024409999996,85689800
2022-06-20,4100.0,4112.5,4025.0,4062.5,3726.56958,54511600
2022-06-21,4087.5,4225.0,4087.5,4225.0,3875.632568,55051400
2022-06-22,4212.5,4225.0,4062.5,4075.0,3738.0361329999996,62430800
2022-06-23,4087.5,4112.5,4037.5,4075.0,3738.0361329999996,48869800
2022-06-24,4075.0,4100.0,4050.0,4075.0,3738.0361329999996,46945000
2022-06-27,4087.5,4100.0,4025.0,4025.0,3692.170654,43368800
2022-06-28,4012.5,4087.5,4000.0,4037.5,3703.6369630000004,64516600
2022-06-29,4050.0,4062.5,3937.5,4012.5,3680.704102,80254600
2022-06-30,4012.5,4025.0,3925.0,3925.0,3600.439697,51193400
2022-07-01,3925.0,3975.0,3875.0,3925.0,3600.439697,47117800
2022-07-04,3862.5,3875.0,3700.0,3825.0,3508.70874,119435800
2022-07-05,3837.5,3975.0,3825.0,3875.0,3554.5742189999996,44476000
2022-07-06,3825.0,3850.0,3750.0,3825.0,3508.70874,61698000
2022-07-07,3800.0,3875.0,3800.0,3800.0,3485.775879,53792800
2022-07-08,3837.5,3862.5,3775.0,3800.0,3485.775879,66599600
2022-07-11,3800.0,3825.0,3750.0,3750.0,3439.9104,38983600
2022-07-12,3750.0,3812.5,3712.5,3725.0,3416.977783,91270400
2022-07-13,3725.0,3775.0,3612.5,3612.5,3313.780518,70323600
2022-07-14,3612.5,3700.0,3575.0,3637.5,3336.713135,53467400
2022-07-15,3675.0,3687.5,3625.0,3637.5,3336.713135,91881600
2022-07-18,3637.5,3712.5,3637.5,3662.5,3359.645996,33885200
2022-07-19,3662.5,3737.5,3637.5,3650.0,3348.179443,52625000
2022-07-20,3712.5,3862.5,3700.0,3837.5,3520.1750490000004,99752400
2022-07-21,3900.0,3912.5,3775.0,3862.5,3543.10791,91623800
2022-07-22,3875.0,3900.0,3825.0,3850.0,3531.641357,39950200
2022-07-25,3850.0,3862.5,3800.0,3800.0,3485.775879,22755600
2022-07-26,3825.0,3875.0,3812.5,3837.5,3520.1750490000004,40742800
2022-07-27,3875.0,3912.5,3862.5,3887.5,3566.040527,61470200
2022-07-28,3925.0,3975.0,3912.5,3912.5,3588.973389,90037400
2022-07-29,3937.5,3975.0,3912.5,3925.0,3600.439697,96026000
2022-08-01,4050.0,4050.0,3975.0,3975.0,3646.305176,141365800
2022-08-02,3987.5,4037.5,3937.5,4037.5,3703.6369630000004,61474600
2022-08-03,4050.0,4062.5,4000.0,4062.5,3726.56958,39764400
2022-08-04,4050.0,4062.5,3975.0,4000.0,3669.237793,71928200
2022-08-05,4012.5,4137.5,3987.5,4125.0,3783.901611,50346600
2022-08-08,4125.0,4137.5,4087.5,4125.0,3783.901611,26413800
2022-08-09,4137.5,4250.0,4125.0,4225.0,3875.632568,80592200
2022-08-10,4162.5,4237.5,4150.0,4237.5,3887.0988770000004,49372400
2022-08-11,4287.5,4300.0,4200.0,4262.5,3910.031494,54002400
2022-08-12,4212.5,4275.0,4200.0,4262.5,3910.031494,34264400
2022-08-15,4287.5,4287.5,4225.0,4275.0,3921.498047,43855800
2022-08-16,4262.5,4287.5,4237.5,4287.5,3932.9643549999996,36326200
2022-08-18,4287.5,4362.5,4275.0,4325.0,3967.363525,51415600
2022-08-19,4325.0,4337.5,4250.0,4250.0,3898.565186,33229600
2022-08-22,4187.5,4212.5,4100.0,4150.0,3806.834229,80695200
2022-08-23,4150.0,4200.0,4137.5,4150.0,3806.834229,43109000
2022-08-24,4150.0,4200.0,4125.0,4150.0,3806.834229,31310600
2022-08-25,4175.0,4187.5,4125.0,4137.5,3795.36792,18239400
2022-08-26,4162.5,4200.0,4150.0,4150.0,3806.834229,27294200
2022-08-29,4100.0,4150.0,4062.5,4100.0,3760.96875,50521600
2022-08-30,4125.0,4250.0,4112.5,4212.5,3864.1660159999997,64186600
2022-08-31,4200.0,4262.5,4150.0,4262.5,3910.031494,88222800
2022-09-01,4287.5,4300.0,4225.0,4262.5,3910.031494,24754600
2022-09-02,4275.0,4375.0,4262.5,4350.0,3990.296143,76147000
2022-09-05,4350.0,4437.5,4287.5,4425.0,4059.094482,40541000
2022-09-06,4425.0,4450.0,4350.0,4375.0,4013.229004,39143800
2022-09-07,4362.5,4362.5,4275.0,4287.5,3932.9643549999996,45680600
2022-09-08,4312.5,4400.0,4300.0,4387.5,4024.695313,48818600
2022-09-09,4387.5,4412.5,4375.0,4400.0,4036.161621,66122800
2022-09-12,4450.0,4450.0,4387.5,4400.0,4036.161621,33164600
2022-09-13,4425.0,4500.0,4400.0,4487.5,4116.42627,65135200
2022-09-14,4425.0,4475.0,4387.5,4450.0,4082.0271,46548200
2022-09-15,4500.0,4625.0,4487.5,4587.5,4208.157227000001,154342800
2022-09-16,4550.0,4587.5,4437.5,4475.0,4104.959961,90832000
2022-09-19,4525.0,4537.5,4425.0,4487.5,4116.42627,63689800
2022-09-20,4487.5,4500.0,4450.0,4487.5,4116.42627,35548200
2022-09-21,4462.5,4487.5,4400.0,4487.5,4116.42627,33158800
2022-09-22,4487.5,4512.5,4437.5,4500.0,4127.892578,25991400
2022-09-23,4525.0,4525.0,4487.5,4500.0,4127.892578,47123200
2022-09-26,4437.5,4500.0,4375.0,4500.0,4127.892578,77318600
2022-09-27,4525.0,4525.0,4412.5,4500.0,4127.892578,42385400
2022-09-28,4500.0,4550.0,4450.0,4500.0,4127.892578,74439000
2022-09-29,4500.0,4525.0,4462.5,4487.5,4116.42627,24479200
2022-09-30,4475.0,4525.0,4400.0,4487.5,4116.42627,45655600
2022-10-03,4487.5,4500.0,4412.5,4450.0,4082.0271,28349400
2022-10-04,4462.5,4500.0,4425.0,4425.0,4059.094482,58380200
2022-10-05,4450.0,4487.5,4425.0,4425.0,4059.094482,64983000
2022-10-06,4450.0,4475.0,4400.0,4450.0,4082.0271,23969000
2022-10-07,4425.0,4437.5,4375.0,4387.5,4024.695313,36556000
2022-10-10,4350.0,4387.5,4325.0,4375.0,4013.229004,32778000
2022-10-11,4375.0,4375.0,4300.0,4350.0,3990.296143,56959000
2022-10-12,4337.5,4387.5,4300.0,4325.0,3967.363525,46026200
2022-10-13,4350.0,4437.5,4337.5,4375.0,4013.229004,60923600
2022-10-14,4412.5,4425.0,4212.5,4212.5,3864.1660159999997,49869400
2022-10-17,4212.5,4312.5,4175.0,4287.5,3932.9643549999996,46023600
2022-10-18,4287.5,4350.0,4287.5,4337.5,3978.8298340000006,34089400
2022-10-19,4362.5,4400.0,4300.0,4387.5,4024.695313,26287200
2022-10-20,4350.0,4537.5,4350.0,4500.0,4127.892578,74454000
2022-10-21,4500.0,4587.5,4487.5,4500.0,4127.892578,67147400
2022-10-24,4512.5,4712.5,4512.5,4675.0,4288.421875,93991000
2022-10-25,4775.0,4837.5,4712.5,4712.5,4322.820801,79026600
2022-10-26,4750.0,4750.0,4612.5,4612.5,4231.089844,57301400
2022-10-27,4625.0,4737.5,4612.5,4675.0,4288.421875,32568200
2022-10-28,4675.0,4687.5,4562.5,4662.5,4276.955566,67024200
2022-10-31,4700.0,4737.5,4675.0,4700.0,4311.354492,57043600
2022-11-01,4700.0,4750.0,4625.0,4700.0,4311.354492,41443800
2022-11-02,4700.0,4700.0,4575.0,4625.0,4242.556152,49775000
2022-11-03,4625.0,4700.0,4587.5,4650.0,4265.48877,47748600
2022-11-04,4637.5,4650.0,4612.5,4637.5,4254.022461,33068200
2022-11-07,4637.5,4675.0,4612.5,4637.5,4254.022461,43164600
2022-11-08,4650.0,4675.0,4600.0,4625.0,4242.556152,34329200
2022-11-09,4650.0,4675.0,4625.0,4650.0,4265.48877,44354400
2022-11-10,4637.5,4650.0,4550.0,4637.5,4254.022461,35056000
2022-11-11,4712.5,4737.5,4637.5,4650.0,4265.48877,76578200
2022-11-14,4650.0,4662.5,4537.5,4550.0,4173.758301,53046400
2022-11-15,4575.0,4600.0,4537.5,4562.5,4185.224609000001,32362600
2022-11-16,4562.5,4562.5,4437.5,4550.0,4173.758301,84179400
2022-11-17,4550.0,4650.0,4512.5,4637.5,4254.022461,42451400
2022-11-18,4650.0,4662.5,4587.5,4600.0,4219.623535,34503000
2022-11-21,4575.0,4637.5,4562.5,4587.5,4208.157227000001,24552400
2022-11-22,4612.5,4662.5,4587.5,4625.0,4242.556152,24036600
2022-11-23,4625.0,4662.5,4625.0,4625.0,4242.556152,26480000
2022-11-24,4625.0,4675.0,4625.0,4637.5,4254.022461,33691200
2022-11-25,4637.5,4650.0,4612.5,4650.0,4265.48877,28538800
2022-11-28,4650.0,4675.0,4625.0,4637.5,4254.022461,46613400
2022-11-29,4637.5,4712.5,4637.5,4687.5,4299.888184,59310800
2022-11-30,4700.0,4950.0,4687.5,4950.0,4540.681640999999,228769000
2022-12-01,4950.0,4975.0,4837.5,4850.0,4448.950684,60043200
2022-12-02,4825.0,4875.0,4775.0,4875.0,4471.883789,74888600
2022-12-05,4875.0,4912.5,4825.0,4875.0,4471.883789,46350800
2022-12-06,4850.0,4850.0,4750.0,4775.0,4380.152832,80960600
2022-12-07,4775.0,4800.0,4687.5,4750.0,4357.219727000001,74967200
2022-12-08,4750.0,4775.0,4637.5,4750.0,4357.219727000001,60297600
2022-12-09,4787.5,4787.5,4712.5,4775.0,4380.152832,58429600
2022-12-12,4775.0,4825.0,4712.5,4762.5,4368.686522999999,36690000
2022-12-13,4800.0,4825.0,4750.0,4825.0,4426.018066,44457600
2022-12-14,4837.5,4875.0,4737.5,4762.5,4368.686522999999,51313400
2022-12-15,4750.0,4800.0,4687.5,4737.5,4345.753418,45526000
2022-12-16,4700.0,4900.0,4675.0,4900.0,4494.816406,106781400
2022-12-19,4850.0,4875.0,4712.5,4712.5,4322.820801,60549800
2022-12-20,4725.0,4762.5,4662.5,4725.0,4334.287109000001,37995800
2022-12-21,4750.0,4750.0,4662.5,4675.0,4288.421875,40936600
2022-12-22,4700.0,4725.0,4675.0,4712.5,4322.820801,30139000
2022-12-23,4700.0,4725.0,4662.5,4662.5,4276.955566,30492000
2022-12-26,4675.0,4700.0,4637.5,4662.5,4276.955566,18889400
2022-12-27,4700.0,4700.0,4625.0,4650.0,4265.48877,30410200
2022-12-28,4662.5,4675.0,4575.0,4612.5,4231.089844,26057600
2022-12-29,4612.5,4625.0,4575.0,4612.5,4231.089844,22647000
2022-12-30,4612.5,4650.0,4612.5,4612.5,4231.089844,30472400
2023-01-02,4612.5,4612.5,4550.0,4612.5,4231.089844,13398400
2023-01-03,4600.0,4650.0,4575.0,4637.5,4254.022461,26463000
2023-01-04,4637.5,4650.0,4575.0,4587.5,4208.157227000001,48118400
2023-01-05,4575.0,4575.0,4412.5,4500.0,4127.892578,91135000
2023-01-06,4487.5,4525.0,4437.5,4450.0,4082.0271,47075000
2023-01-09,4475.0,4525.0,4437.5,4500.0,4127.892578,38714400
2023-01-10,4500.0,4500.0,4325.0,4362.5,4001.7624509999996,66338200
2023-01-11,4362.5,4362.5,4212.5,4250.0,3898.565186,97985200
2023-01-12,4337.5,4375.0,4250.0,4300.0,3944.430664,74713600
2023-01-13,4337.5,4337.5,4287.5,4337.5,3978.8298340000006,31492000
2023-01-16,4350.0,4400.0,4337.5,4387.5,4024.695313,27930400
2023-01-17,4387.5,4487.5,4375.0,4462.5,4093.493408,58844000
2023-01-18,4475.0,4512.5,4400.0,4437.5,4070.5607909999994,42102800
2023-01-19,4450.0,4487.5,4412.5,4475.0,4104.959961,34502200
2023-01-20,4500.0,4550.0,4450.0,4512.5,4139.358886999999,36841800
2023-01-24,4537.5,4575.0,4487.5,4525.0,4150.825195,28496000
2023-01-25,4600.0,4625.0,4525.0,4537.5,4162.291504,72962200
2023-01-26,4562.5,4762.5,4537.5,4737.5,4345.753418,77131800
2023-01-27,4800.0,4800.0,4737.5,4775.0,4380.152832,89603000
2023-01-30,4775.0,4775.0,4625.0,4650.0,4265.48877,63021600
2023-01-31,4600.0,4650.0,4537.5,4575.0,4196.690918,139348400
2023-02-01,4600.0,4625.0,4537.5,4562.5,4185.224609000001,58539000
2023-02-02,4587.5,4600.0,4525.0,4550.0,4173.758301,47100600
2023-02-03,4600.0,4662.5,4575.0,4650.0,4265.48877,42774000
2023-02-06,4650.0,4675.0,4575.0,4675.0,4288.421875,38504200
2023-02-07,4675.0,4700.0,4625.0,4687.5,4299.888184,38887200
2023-02-08,4687.5,4750.0,4687.5,4737.5,4345.753418,34054800
2023-02-09,4725.0,4775.0,4712.5,4775.0,4380.152832,56866600
2023-02-10,4762.5,4762.5,4712.5,4762.5,4368.686522999999,24979400
2023-02-13,4787.5,4787.5,4725.0,4750.0,4357.219727000001,30348000
2023-02-14,4750.0,4775.0,4700.0,4725.0,4334.287109000001,48802600
2023-02-15,4725.0,4737.5,4637.5,4712.5,4322.820801,38279800
2023-02-16,4725.0,4725.0,4650.0,4675.0,4288.421875,38386000
2023-02-17,4675.0,4687.5,4625.0,4637.5,4254.022461,27312200
2023-02-20,4637.5,4662.5,4562.5,4575.0,4196.690918,64976600
2023-02-21,4575.0,4600.0,4525.0,4525.0,4150.825195,72588200
2023-02-22,4500.0,4525.0,4400.0,4425.0,4059.094482,92300400
2023-02-23,4425.0,4500.0,4400.0,4475.0,4104.959961,52724200
2023-02-24,4500.0,4562.5,4450.0,4450.0,4082.0271,53277000
2023-02-27,4450.0,4500.0,4425.0,4475.0,4104.959961,48120000
2023-02-28,4500.0,4500.0,4387.5,4387.5,4024.695313,108313400
2023-03-01,4387.5,4487.5,4387.5,4475.0,4104.959961,48204200
2023-03-02,4475.0,4475.0,4437.5,4437.5,4070.5607909999994,49577200
2023-03-03,4437.5,4450.0,4375.0,4375.0,4013.229004,54989400
2023-03-06,4400.0,4437.5,4375.0,4400.0,4036.161621,42464200
2023-03-07,4400.0,4462.5,4400.0,4450.0,4082.0271,45285800
2023-03-08,4425.0,4437.5,4400.0,4437.5,4070.5607909999994,33221200
2023-03-09,4500.0,4612.5,4500.0,4575.0,4196.690918,112172600
2023-03-10,4550.0,4562.5,4500.0,4512.5,4139.358886999999,72647400
2023-03-13,4512.5,4525.0,4437.5,4500.0,4127.892578,87385200
2023-03-14,4450.0,4450.0,4375.0,4387.5,4024.695313,124869200
2023-03-15,4450.0,4462.5,4387.5,4400.0,4036.161621,97799600
2023-03-16,4437.5,4550.0,4412.5,4475.0,4104.959961,109964600
2023-03-17,4500.0,4575.0,4487.5,4512.5,4139.358886999999,151227200
2023-03-20,4512.5,4562.5,4487.5,4500.0,4127.892578,32195200
2023-03-21,4525.0,4625.0,4487.5,4612.5,4231.089844,49801400
2023-03-24,4637.5,4862.5,4625.0,4812.5,4414.551758,161637200
2023-03-27,4837.5,4875.0,4750.0,4750.0,4357.219727000001,99699200
2023-03-28,4600.0,4600.0,4500.0,4512.5,4512.5,77714200
2023-03-29,4525.0,4625.0,4512.5,4600.0,4600.0,67383200
2023-03-30,4650.0,4700.0,4625.0,4675.0,4675.0,67522400
2023-03-31,4675.0,4687.5,4612.5,4675.0,4675.0,54065000
2023-04-03,4675.0,4700.0,4637.5,4675.0,4675.0,29520600
2023-04-04,4675.0,4687.5,4600.0,4675.0,4675.0,46922000
2023-04-05,4675.0,4725.0,4637.5,4662.5,4662.5,50698800
2023-04-06,4662.5,4687.5,4662.5,4687.5,4687.5,46209000
2023-04-10,4675.0,4687.5,4625.0,4662.5,4662.5,37676400
2023-04-11,4650.0,4700.0,4650.0,4687.5,4687.5,29357800
2023-04-12,4700.0,4700.0,4675.0,4675.0,4675.0,46097000
2023-04-13,4725.0,4725.0,4675.0,4687.5,4687.5,39924200
2023-04-14,4712.5,4750.0,4687.5,4700.0,4700.0,64999800
2023-04-17,4712.5,4725.0,4687.5,4725.0,4725.0,28538400
2023-04-18,4725.0,4787.5,4700.0,4737.5,4737.5,57641400
2023-04-26,4775.0,4787.5,4712.5,4787.5,4787.5,93228000
2023-04-27,4775.0,4800.0,4737.5,4750.0,4750.0,26137000
2023-04-28,4787.5,4787.5,4712.5,4712.5,4712.5,46132800
2023-05-02,4725.0,4775.0,4712.5,4775.0,4775.0,28908400
2023-05-03,4775.0,4775.0,4700.0,4737.5,4737.5,30178200
2023-05-04,4700.0,4712.5,4637.5,4650.0,4650.0,44453400
2023-05-05,4650.0,4662.5,4575.0,4625.0,4625.0,54129200
2023-05-08,4637.5,4650.0,4575.0,4575.0,4575.0,33599400
2023-05-09,4562.5,4587.5,4525.0,4562.5,4562.5,36728200
2023-05-10,4612.5,4637.5,4587.5,4600.0,4600.0,35383600
2023-05-11,4575.0,4575.0,4525.0,4575.0,4575.0,38690600
2023-05-12,4562.5,4575.0,4487.5,4500.0,4500.0,50498800
2023-05-15,4500.0,4512.5,4425.0,4450.0,4450.0,78164000
2023-05-16,4475.0,4487.5,4350.0,4375.0,4375.0,101617400
2023-05-17,4362.5,4412.5,4325.0,4375.0,4375.0,101667400
2023-05-19,4400.0,4450.0,4375.0,4412.5,4412.5,96444800
2023-05-22,4412.5,4437.5,4387.5,4425.0,4425.0,88480000
2023-05-23,4412.5,4500.0,4412.5,4475.0,4475.0,107289400
2023-05-24,4450.0,4475.0,4400.0,4412.5,4412.5,133024800
2023-05-25,4412.5,4512.5,4400.0,4500.0,4500.0,74127200
2023-05-26,4500.0,4537.5,4475.0,4475.0,4475.0,43538600
2023-05-29,4500.0,4525.0,4475.0,4525.0,4525.0,27492000
2023-05-30,4512.5,4550.0,4487.5,4512.5,4512.5,41695200
2023-05-31,4550.0,4562.5,4512.5,4525.0,4525.0,278133800
2023-06-05,4525.0,4562.5,4500.0,4500.0,4500.0,53155600
2023-06-06,4500.0,4625.0,4462.5,4600.0,4600.0,82211400
2023-06-07,4612.5,4625.0,4537.5,4575.0,4575.0,62411600
2023-06-08,4575.0,4600.0,4537.5,4600.0,4600.0,34322400
2023-06-09,4600.0,4612.5,4575.0,4612.5,4612.5,35863800
2023-06-12,4625.0,4650.0,4587.5,4650.0,4650.0,34347200
2023-06-13,4650.0,4650.0,4550.0,4562.5,4562.5,40190000
2023-06-14,4550.0,4550.0,4475.0,4487.5,4487.5,91447800
2023-06-15,4487.5,4550.0,4475.0,4550.0,4550.0,35271200
2023-06-16,4537.5,4537.5,4475.0,4512.5,4512.5,53221000
2023-06-19,4512.5,4525.0,4475.0,4525.0,4525.0,28209000
2023-06-20,4525.0,4537.5,4500.0,4537.5,4537.5,27112200
2023-06-21,4537.5,4550.0,4500.0,4550.0,4550.0,21594600
2023-06-22,4550.0,4612.5,4525.0,4525.0,4525.0,41779600
2023-06-23,4537.5,4550.0,4512.5,4512.5,4512.5,22346200
2023-06-26,4512.5,4562.5,4487.5,4562.5,4562.5,27723200
2023-06-27,4562.5,4587.5,4537.5,4575.0,4575.0,33973200
2023-07-03,4600.0,4625.0,4575.0,4612.5,4612.5,63091600
2023-07-04,4612.5,4612.5,4525.0,4550.0,4550.0,31937600
2023-07-05,4562.5,4575.0,4537.5,4575.0,4575.0,16724200
2023-07-06,4575.0,4600.0,4537.5,4550.0,4550.0,48292600
2023-07-07,4550.0,4575.0,4537.5,4537.5,4537.5,24713400
2023-07-10,4537.5,4562.5,4525.0,4525.0,4525.0,19832600
2023-07-11,4512.5,4537.5,4487.5,4487.5,4487.5,46162800
2023-07-12,4500.0,4512.5,4462.5,4475.0,4475.0,83926600
2023-07-13,4487.5,4512.5,4437.5,4450.0,4450.0,115995200
2023-07-14,4462.5,4487.5,4450.0,4462.5,4462.5,43596800
2023-07-17,4475.0,4512.5,4475.0,4475.0,4475.0,60019400
2023-07-18,4475.0,4500.0,4450.0,4450.0,4450.0,65080800
2023-07-20,4462.5,4525.0,4462.5,4525.0,4525.0,62532400
2023-07-21,4525.0,4525.0,4500.0,4525.0,4525.0,19578200
2023-07-24,4500.0,4537.5,4500.0,4512.5,4512.5,37485400
2023-07-25,4525.0,4562.5,4512.5,4512.5,4512.5,45959000
2023-07-26,4512.5,4525.0,4462.5,4475.0,4475.0,104007400
2023-07-27,4462.5,4475.0,4450.0,4450.0,4450.0,85572800
2023-07-28,4450.0,4462.5,4400.0,4437.5,4437.5,81248000
2023-07-31,4450.0,4475.0,4412.5,4437.5,4437.5,65017400
2023-08-01,4412.5,4425.0,4312.5,4337.5,4337.5,136286600
2023-08-02,4350.0,4437.5,4350.0,4437.5,4437.5,66452600
2023-08-03,4437.5,4500.0,4425.0,4475.0,4475.0,82168800
2023-08-04,4475.0,4525.0,4462.5,4500.0,4500.0,56224800
2023-08-07,4500.0,4525.0,4500.0,4500.0,4500.0,35042800
2023-08-08,4500.0,4512.5,4450.0,4462.5,4462.5,28001600
2023-08-09,4462.5,4550.0,4462.5,4537.5,4537.5,67682000
2023-08-10,4550.0,4562.5,4525.0,4550.0,4550.0,47185600
2023-08-11,4550.0,4562.5,4525.0,4550.0,4550.0,33962600
2023-08-14,4562.5,4625.0,4550.0,4600.0,4600.0,90433400
2023-08-15,4600.0,4612.5,4550.0,4550.0,4550.0,48732000
2023-08-16,4550.0,4562.5,4475.0,4550.0,4550.0,54525000
2023-08-18,4537.5,4537.5,4487.5,4525.0,4525.0,51664400
2023-08-21,4537.5,4562.5,4525.0,4562.5,4562.5,35954600
2023-08-22,4562.5,4575.0,4537.5,4550.0,4550.0,30726000
2023-08-23,4550.0,4562.5,4537.5,4537.5,4537.5,27342600
2023-08-24,4537.5,4575.0,4537.5,4562.5,4562.5,28494200
2023-08-25,4550.0,4562.5,4525.0,4550.0,4550.0,27453200
2023-08-28,4550.0,4575.0,4537.5,4550.0,4550.0,21944400
2023-08-29,4550.0,4600.0,4550.0,4575.0,4575.0,49788000
2023-08-30,4587.5,4650.0,4587.5,4600.0,4600.0,83251800
2023-08-31,4600.0,4625.0,4587.5,4587.5,4587.5,64007200
2023-09-01,4600.0,4612.5,4587.5,4587.5,4587.5,16703400
2023-09-04,4625.0,4762.5,4600.0,4725.0,4725.0,146903600
2023-09-05,4725.0,4850.0,4725.0,4812.5,4812.5,100659200
2023-09-06,4837.5,4837.5,4787.5,4787.5,4787.5,60567600
2023-09-07,4787.5,4787.5,4700.0,4750.0,4750.0,52556600
2023-09-08,4750.0,4750.0,4675.0,4687.5,4687.5,49974400
2023-09-11,4687.5,4750.0,4650.0,4725.0,4725.0,54934600
2023-09-12,4725.0,4725.0,4650.0,4650.0,4650.0,53087200
2023-09-13,4662.5,4687.5,4637.5,4675.0,4675.0,44955600
2023-09-14,4700.0,4750.0,4675.0,4725.0,4725.0,57207600
2023-09-15,4725.0,4762.5,4712.5,4737.5,4737.5,73345200
2023-09-18,4737.5,4750.0,4675.0,4675.0,4675.0,32816000
2023-09-19,4687.5,4762.5,4675.0,4725.0,4725.0,26575600
2023-09-20,4725.0,4837.5,4725.0,4787.5,4787.5,82221800
2023-09-21,4787.5,4837.5,4775.0,4800.0,4800.0,56156800
2023-09-22,4825.0,4937.5,4800.0,4875.0,4875.0,93225000
2023-09-25,4875.0,5025.0,4875.0,5025.0,5025.0,110954800
2023-09-26,5037.5,5050.0,4975.0,4987.5,4987.5,127165000
2023-09-27,4987.5,5112.5,4975.0,5062.5,5062.5,92088000
2023-09-29,5087.5,5212.5,5075.0,5162.5,5162.5,76949400
2023-10-02,5162.5,5250.0,5150.0,5150.0,5150.0,52562400
2023-10-03,5175.0,5225.0,5162.5,5212.5,5212.5,49593400
2023-10-04,5225.0,5237.5,5125.0,5187.5,5187.5,57958800
2023-10-05,5200.0,5200.0,5175.0,5187.5,5187.5,69727000
2023-10-06,5225.0,5225.0,5175.0,5200.0,5200.0,41840100
2023-10-09,5200.0,5200.0,5050.0,5100.0,5100.0,55808900
2023-10-10,5175.0,5200.0,5150.0,5200.0,5200.0,27090900
2023-10-11,5200.0,5200.0,5150.0,5175.0,5175.0,63713600
2023-10-12,5200.0,5425.0,5200.0,5325.0,5325.0,71485100
2023-10-13,5350.0,5375.0,5175.0,5175.0,5175.0,49138900
2023-10-16,5200.0,5275.0,5150.0,5200.0,5200.0,35029400
2023-10-17,5200.0,5225.0,5150.0,5200.0,5200.0,29834000
2023-10-18,5200.0,5225.0,5100.0,5125.0,5125.0,46027500
2023-10-19,5100.0,5100.0,4900.0,4940.0,4940.0,96750500
2023-10-20,4940.0,5025.0,4910.0,4970.0,4970.0,48517500
2023-10-23,4970.0,5050.0,4950.0,4990.0,4990.0,36582200
2023-10-24,5000.0,5075.0,4970.0,5000.0,5000.0,43655100
2023-10-25,5050.0,5050.0,4960.0,4970.0,4970.0,49108000
2023-10-26,4980.0,4990.0,4830.0,4880.0,4880.0,77078100
2023-10-27,4880.0,4900.0,4850.0,4850.0,4850.0,39350600
2023-10-30,4850.0,4860.0,4810.0,4850.0,4850.0,34312600
2023-10-31,4850.0,4850.0,4720.0,4790.0,4790.0,62061200
2023-11-01,4930.0,4930.0,4790.0,4820.0,4820.0,58008400
2023-11-02,4820.0,4920.0,4810.0,4870.0,4870.0,61528700
2023-11-03,4910.0,4940.0,4880.0,4890.0,4890.0,37333500
2023-11-06,4980.0,5000.0,4940.0,4970.0,4970.0,54278500
2023-11-07,4970.0,4970.0,4910.0,4940.0,4940.0,38213600
2023-11-08,4940.0,4950.0,4860.0,4880.0,4880.0,30691100
2023-11-09,4880.0,4950.0,4860.0,4860.0,4860.0,32999400
2023-11-10,4860.0,4870.0,4820.0,4860.0,4860.0,37753900
2023-11-13,4890.0,4910.0,4870.0,4890.0,4890.0,17199700
2023-11-14,4910.0,4940.0,4880.0,4880.0,4880.0,27961100
2023-11-15,4970.0,5025.0,4960.0,4980.0,4980.0,93350800
2023-11-16,4970.0,4990.0,4910.0,4950.0,4950.0,38121600
2023-11-17,4940.0,4990.0,4900.0,4980.0,4980.0,48489500
2023-11-20,5000.0,5025.0,4970.0,4980.0,4980.0,52108800
2023-11-21,5000.0,5100.0,4990.0,5075.0,5075.0,129449900
2023-11-22,5100.0,5100.0,5025.0,5075.0,5075.0,28872800
2023-11-23,5100.0,5175.0,5075.0,5150.0,5150.0,80157000
2023-11-24,5175.0,5250.0,5175.0,5200.0,5200.0,61211100
2023-11-27,5225.0,5350.0,5225.0,5275.0,5275.0,79553000
2023-11-28,5350.0,5350.0,5175.0,5175.0,5175.0,43142000
2023-11-29,5125.0,5225.0,5100.0,5225.0,5225.0,48041400
2023-11-30,5150.0,5275.0,5150.0,5275.0,5275.0,127524100
2023-12-01,5300.0,5300.0,5200.0,5250.0,5250.0,31223300
2023-12-04,5275.0,5350.0,5250.0,5300.0,5300.0,34104500
2023-12-05,5300.0,5325.0,5225.0,5300.0,5300.0,29788300
2023-12-06,5300.0,5325.0,5225.0,5225.0,5225.0,32453700
2023-12-07,5225.0,5300.0,5150.0,5275.0,5275.0,36511000
2023-12-08,5200.0,5225.0,5075.0,5075.0,5075.0,47842200
2023-12-11,5075.0,5200.0,5050.0,5175.0,5175.0,36394800
2023-12-12,5250.0,5300.0,5225.0,5275.0,5275.0,40554100
2023-12-13,5275.0,5275.0,5125.0,5175.0,5175.0,39240500
2023-12-14,5225.0,5400.0,5225.0,5350.0,5350.0,85061100
2023-12-15,5425.0,5425.0,5275.0,5275.0,5275.0,58451500
2023-12-18,5250.0,5300.0,5175.0,5200.0,5200.0,51524600
2023-12-19,5200.0,5250.0,5175.0,5200.0,5200.0,42678100
2023-12-20,5225.0,5250.0,5175.0,5200.0,5200.0,54306000
2023-12-21,5225.0,5225.0,5125.0,5150.0,5150.0,48767200
2023-12-22,5200.0,5250.0,5175.0,5250.0,5250.0,35234900
2023-12-27,5300.0,5325.0,5250.0,5275.0,5275.0,31289300
2023-12-28,5300.0,5400.0,5250.0,5350.0,5350.0,37566900
2023-12-29,5375.0,5400.0,5325.0,5375.0,5375.0,38423300
